2026-03-23 11:12:12,982   INFO  **********************Start logging**********************
2026-03-23 11:12:12,982   INFO  CUDA_VISIBLE_DEVICES=ALL
2026-03-23 11:12:12,982   INFO  Training in distributed mode : total_batch_size: 4
2026-03-23 11:12:12,982   INFO  cfg_file         cfgs/mambafusion_models/mamba_fusion.yaml
2026-03-23 11:12:12,983   INFO  batch_size       1
2026-03-23 11:12:12,983   INFO  epochs           10
2026-03-23 11:12:12,983   INFO  workers          4
2026-03-23 11:12:12,983   INFO  extra_tag        train-1
2026-03-23 11:12:12,983   INFO  ckpt             None
2026-03-23 11:12:12,983   INFO  pretrained_model ckpts/pretrained.pth
2026-03-23 11:12:12,983   INFO  launcher         pytorch
2026-03-23 11:12:12,983   INFO  tcp_port         18888
2026-03-23 11:12:12,983   INFO  sync_bn          True
2026-03-23 11:12:12,983   INFO  fix_random_seed  False
2026-03-23 11:12:12,983   INFO  ckpt_save_interval 1
2026-03-23 11:12:12,983   INFO  local_rank       0
2026-03-23 11:12:12,983   INFO  max_ckpt_save_num 30
2026-03-23 11:12:12,983   INFO  merge_all_iters_to_one_epoch False
2026-03-23 11:12:12,983   INFO  set_cfgs         None
2026-03-23 11:12:12,983   INFO  max_waiting_mins 0
2026-03-23 11:12:12,983   INFO  start_epoch      0
2026-03-23 11:12:12,983   INFO  num_epochs_to_eval 1
2026-03-23 11:12:12,983   INFO  save_to_file     False
2026-03-23 11:12:12,983   INFO  use_tqdm_to_record False
2026-03-23 11:12:12,983   INFO  logger_iter_interval 1000
2026-03-23 11:12:12,983   INFO  ckpt_save_time_interval 300
2026-03-23 11:12:12,983   INFO  wo_gpu_stat      False
2026-03-23 11:12:12,983   INFO  use_amp          False
2026-03-23 11:12:12,983   INFO  eval_map         False
2026-03-23 11:12:12,983   INFO  cfg.ROOT_DIR: /home/bkai/xry/MambaFusion-main
2026-03-23 11:12:12,983   INFO  cfg.LOCAL_RANK: 0
2026-03-23 11:12:12,983   INFO  cfg.CLASS_NAMES: ['car', 'truck', 'construction_vehicle', 'bus', 'trailer', 'barrier', 'motorcycle', 'bicycle', 'pedestrian', 'traffic_cone']
2026-03-23 11:12:12,983   INFO  cfg.return_abs_coords: True
2026-03-23 11:12:12,983   INFO  cfg.use_test_interval: 1
2026-03-23 11:12:12,983   INFO  ----------- DATA_CONFIG -----------
2026-03-23 11:12:12,983   INFO  cfg.DATA_CONFIG.DATASET: NuScenesDataset
2026-03-23 11:12:12,983   INFO  cfg.DATA_CONFIG.DATA_PATH: ../data/nuscenes
2026-03-23 11:12:12,984   INFO  cfg.DATA_CONFIG.VERSION: v1.0-trainval
2026-03-23 11:12:12,984   INFO  cfg.DATA_CONFIG.MAX_SWEEPS: 10
2026-03-23 11:12:12,984   INFO  cfg.DATA_CONFIG.PRED_VELOCITY: True
2026-03-23 11:12:12,984   INFO  cfg.DATA_CONFIG.SET_NAN_VELOCITY_TO_ZEROS: True
2026-03-23 11:12:12,984   INFO  cfg.DATA_CONFIG.FILTER_MIN_POINTS_IN_GT: 1
2026-03-23 11:12:12,984   INFO  ----------- DATA_SPLIT -----------
2026-03-23 11:12:12,984   INFO  cfg.DATA_CONFIG.DATA_SPLIT.train: train
2026-03-23 11:12:12,984   INFO  cfg.DATA_CONFIG.DATA_SPLIT.test: val
2026-03-23 11:12:12,984   INFO  ----------- INFO_PATH -----------
2026-03-23 11:12:12,984   INFO  cfg.DATA_CONFIG.INFO_PATH.train: ['nuscenes_infos_10sweeps_train_withimg.pkl']
2026-03-23 11:12:12,984   INFO  cfg.DATA_CONFIG.INFO_PATH.test: ['nuscenes_infos_10sweeps_val_withimg.pkl']
2026-03-23 11:12:12,984   INFO  cfg.DATA_CONFIG.POINT_CLOUD_RANGE: [-54.0, -54.0, -5.0, 54.0, 54.0, 3.0]
2026-03-23 11:12:12,984   INFO  cfg.DATA_CONFIG.BALANCED_RESAMPLING: True
2026-03-23 11:12:12,984   INFO  ----------- DATA_AUGMENTOR -----------
2026-03-23 11:12:12,984   INFO  cfg.DATA_CONFIG.DATA_AUGMENTOR.DISABLE_AUG_LIST: ['placeholder']
2026-03-23 11:12:12,984   INFO  cfg.DATA_CONFIG.DATA_AUGMENTOR.AUG_CONFIG_LIST: [{'NAME': 'gt_sampling', 'IMG_AUG_TYPE': 'nuscenes', 'IMG_AUG_MIXUP': 0.7, 'DB_INFO_PATH': ['nuscenes_dbinfos_10sweeps_withvelo.pkl'], 'PREPARE': {'filter_by_min_points': ['car:5', 'truck:5', 'construction_vehicle:5', 'bus:5', 'trailer:5', 'barrier:5', 'motorcycle:5', 'bicycle:5', 'pedestrian:5', 'traffic_cone:5']}, 'USE_DEL': False, 'USE_SHARED_MEMORY': False, 'DB_DATA_PATH': ['nuscenes_10sweeps_withvelo_lidar.npy', 'nuscenes_10sweeps_withvelo_img.npy'], 'SAMPLE_GROUPS': ['car:2', 'truck:3', 'construction_vehicle:7', 'bus:4', 'trailer:6', 'barrier:2', 'motorcycle:6', 'bicycle:6', 'pedestrian:2', 'traffic_cone:2'], 'NUM_POINT_FEATURES': 5, 'DATABASE_WITH_FAKELIDAR': False, 'REMOVE_EXTRA_WIDTH': [0.0, 0.0, 0.0], 'LIMIT_WHOLE_SCENE': True, 'use_hf': False, 'fr_path': '/private_dataset/nuscenes_pcdet/v1.0-trainval/gt_database_10sweeps_withvelo', 'fr_num': 54899}, {'NAME': 'velocity_aug'}, {'NAME': 'random_world_flip', 'ALONG_AXIS_LIST': ['x', 'y']}, {'NAME': 'random_world_rotation', 'WORLD_ROT_ANGLE': [-0.78539816, 0.78539816]}, {'NAME': 'random_world_scaling', 'WORLD_SCALE_RANGE': [0.9, 1.1]}, {'NAME': 'random_world_translation', 'NOISE_TRANSLATE_STD': [0.5, 0.5, 0.5]}, {'NAME': 'imgaug', 'ROT_LIM': [-5.4, 5.4], 'RAND_FLIP': True}]
2026-03-23 11:12:12,984   INFO  ----------- POINT_FEATURE_ENCODING -----------
2026-03-23 11:12:12,984   INFO  cfg.DATA_CONFIG.POINT_FEATURE_ENCODING.encoding_type: absolute_coordinates_encoding
2026-03-23 11:12:12,984   INFO  cfg.DATA_CONFIG.POINT_FEATURE_ENCODING.used_feature_list: ['x', 'y', 'z', 'intensity', 'timestamp']
2026-03-23 11:12:12,984   INFO  cfg.DATA_CONFIG.POINT_FEATURE_ENCODING.src_feature_list: ['x', 'y', 'z', 'intensity', 'timestamp']
2026-03-23 11:12:12,984   INFO  cfg.DATA_CONFIG.DATA_PROCESSOR: [{'NAME': 'mask_points_and_boxes_outside_range', 'REMOVE_OUTSIDE_BOXES': True}, {'NAME': 'shuffle_points', 'SHUFFLE_ENABLED': {'train': True, 'test': True}}, {'NAME': 'transform_points_to_voxels_placeholder', 'VOXEL_SIZE': [0.3, 0.3, 0.25]}, {'NAME': 'image_calibrate'}, {'NAME': 'image_normalize', 'use_debug_img': True, 'mean': [0.485, 0.456, 0.406], 'std': [0.229, 0.224, 0.225]}]
2026-03-23 11:12:12,984   INFO  cfg.DATA_CONFIG._BASE_CONFIG_: cfgs/dataset_configs/nuscenes_dataset.yaml
2026-03-23 11:12:12,984   INFO  ----------- SAMPLED_INTERVAL -----------
2026-03-23 11:12:12,984   INFO  cfg.DATA_CONFIG.SAMPLED_INTERVAL.train: 1
2026-03-23 11:12:12,984   INFO  cfg.DATA_CONFIG.SAMPLED_INTERVAL.test: 1
2026-03-23 11:12:12,984   INFO  ----------- CAMERA_CONFIG -----------
2026-03-23 11:12:12,984   INFO  cfg.DATA_CONFIG.CAMERA_CONFIG.USE_CAMERA: True
2026-03-23 11:12:12,984   INFO  ----------- IMAGE -----------
2026-03-23 11:12:12,984   INFO  cfg.DATA_CONFIG.CAMERA_CONFIG.IMAGE.FINAL_DIM: [256, 704]
2026-03-23 11:12:12,984   INFO  cfg.DATA_CONFIG.CAMERA_CONFIG.IMAGE.RESIZE_LIM_TRAIN: [0.38, 0.55]
2026-03-23 11:12:12,984   INFO  cfg.DATA_CONFIG.CAMERA_CONFIG.IMAGE.RESIZE_LIM_TEST: [0.48, 0.48]
2026-03-23 11:12:12,985   INFO  ----------- MODEL -----------
2026-03-23 11:12:12,985   INFO  cfg.MODEL.NAME: MambaFusion
2026-03-23 11:12:12,985   INFO  cfg.MODEL.USE_VOXEL_MAMBA: True
2026-03-23 11:12:12,985   INFO  ----------- VFE -----------
2026-03-23 11:12:12,985   INFO  cfg.MODEL.VFE.NAME: DynamicVoxelVFE
2026-03-23 11:12:12,985   INFO  cfg.MODEL.VFE.RETURN_ABS_COORDS: True
2026-03-23 11:12:12,985   INFO  cfg.MODEL.VFE.WITH_DISTANCE: False
2026-03-23 11:12:12,985   INFO  cfg.MODEL.VFE.USE_ABSLOTE_XYZ: True
2026-03-23 11:12:12,985   INFO  cfg.MODEL.VFE.USE_NORM: True
2026-03-23 11:12:12,985   INFO  cfg.MODEL.VFE.NUM_FILTERS: [128, 128]
2026-03-23 11:12:12,985   INFO  ----------- BACKBONE_3D -----------
2026-03-23 11:12:12,985   INFO  cfg.MODEL.BACKBONE_3D.NAME: LION3DBackboneOneStride
2026-03-23 11:12:12,985   INFO  cfg.MODEL.BACKBONE_3D.USE_DOW5: True
2026-03-23 11:12:12,985   INFO  cfg.MODEL.BACKBONE_3D.RETURN_ABS_COORDS: True
2026-03-23 11:12:12,985   INFO  cfg.MODEL.BACKBONE_3D.FEATURE_DIM: 128
2026-03-23 11:12:12,985   INFO  cfg.MODEL.BACKBONE_3D.LAYER_DIM: [128, 128, 128, 128]
2026-03-23 11:12:12,985   INFO  cfg.MODEL.BACKBONE_3D.NUM_LAYERS: 4
2026-03-23 11:12:12,985   INFO  cfg.MODEL.BACKBONE_3D.DEPTHS: [2, 2, 2, 2]
2026-03-23 11:12:12,985   INFO  cfg.MODEL.BACKBONE_3D.LAYER_DOWN_SCALES: [[[2, 2, 2], [2, 2, 2]], [[2, 2, 2], [2, 2, 2]], [[2, 2, 2], [2, 2, 2]], [[2, 2, 2], [2, 2, 2]]]
2026-03-23 11:12:12,985   INFO  cfg.MODEL.BACKBONE_3D.WINDOW_SHAPE: [[13, 13, 32], [13, 13, 16], [13, 13, 8], [13, 13, 4]]
2026-03-23 11:12:12,985   INFO  cfg.MODEL.BACKBONE_3D.GROUP_SIZE: [4096, 2048, 1024, 512]
2026-03-23 11:12:12,985   INFO  cfg.MODEL.BACKBONE_3D.DIRECTION: ['x', 'y']
2026-03-23 11:12:12,985   INFO  cfg.MODEL.BACKBONE_3D.DIFF_SCALE: 0.2
2026-03-23 11:12:12,985   INFO  cfg.MODEL.BACKBONE_3D.DIFFUSION: True
2026-03-23 11:12:12,985   INFO  cfg.MODEL.BACKBONE_3D.SHIFT: True
2026-03-23 11:12:12,985   INFO  ----------- OPERATOR -----------
2026-03-23 11:12:12,985   INFO  cfg.MODEL.BACKBONE_3D.OPERATOR.NAME: Mamba
2026-03-23 11:12:12,985   INFO  ----------- CFG -----------
2026-03-23 11:12:12,985   INFO  cfg.MODEL.BACKBONE_3D.OPERATOR.CFG.d_state: 16
2026-03-23 11:12:12,985   INFO  cfg.MODEL.BACKBONE_3D.OPERATOR.CFG.d_conv: 4
2026-03-23 11:12:12,985   INFO  cfg.MODEL.BACKBONE_3D.OPERATOR.CFG.expand: 2
2026-03-23 11:12:12,985   INFO  cfg.MODEL.BACKBONE_3D.OPERATOR.CFG.drop_path: 0.2
2026-03-23 11:12:12,985   INFO  ----------- MM_BACKBONE -----------
2026-03-23 11:12:12,985   INFO  cfg.MODEL.MM_BACKBONE.NAME: MambaFusion
2026-03-23 11:12:12,985   INFO  cfg.MODEL.MM_BACKBONE.VIS_TAG: False
2026-03-23 11:12:12,986   INFO  cfg.MODEL.MM_BACKBONE.use_test_interval: 1
2026-03-23 11:12:12,986   INFO  cfg.MODEL.MM_BACKBONE.RETURN_ABS_COORDS: True
2026-03-23 11:12:12,986   INFO  cfg.MODEL.MM_BACKBONE.USE_WINMAMBA: True
2026-03-23 11:12:12,986   INFO  cfg.MODEL.MM_BACKBONE.USE_ALL_MAMBA: True
2026-03-23 11:12:12,986   INFO  cfg.MODEL.MM_BACKBONE.USE_MAMBA_INTER2: True
2026-03-23 11:12:12,986   INFO  cfg.MODEL.MM_BACKBONE.USE_VMAMBA_PRETRAIN: True
2026-03-23 11:12:12,986   INFO  cfg.MODEL.MM_BACKBONE.EMBED_TYPE: fixed
2026-03-23 11:12:12,986   INFO  ----------- PATCH_EMBED -----------
2026-03-23 11:12:12,986   INFO  cfg.MODEL.MM_BACKBONE.PATCH_EMBED.in_channels: 3
2026-03-23 11:12:12,986   INFO  cfg.MODEL.MM_BACKBONE.PATCH_EMBED.image_size: [256, 704]
2026-03-23 11:12:12,986   INFO  cfg.MODEL.MM_BACKBONE.PATCH_EMBED.embed_dims: 128
2026-03-23 11:12:12,986   INFO  cfg.MODEL.MM_BACKBONE.PATCH_EMBED.patch_size: 8
2026-03-23 11:12:12,986   INFO  cfg.MODEL.MM_BACKBONE.PATCH_EMBED.patch_norm: True
2026-03-23 11:12:12,986   INFO  ----------- norm_cfg -----------
2026-03-23 11:12:12,986   INFO  cfg.MODEL.MM_BACKBONE.PATCH_EMBED.norm_cfg.type: LN
2026-03-23 11:12:12,986   INFO  ----------- IMAGE_INPUT_LAYER -----------
2026-03-23 11:12:12,986   INFO  cfg.MODEL.MM_BACKBONE.IMAGE_INPUT_LAYER.sparse_shape: [32, 88, 1]
2026-03-23 11:12:12,986   INFO  cfg.MODEL.MM_BACKBONE.IMAGE_INPUT_LAYER.d_model: [128]
2026-03-23 11:12:12,986   INFO  cfg.MODEL.MM_BACKBONE.IMAGE_INPUT_LAYER.set_info: [[90, 2]]
2026-03-23 11:12:12,986   INFO  cfg.MODEL.MM_BACKBONE.IMAGE_INPUT_LAYER.window_shape: [[30, 30, 1]]
2026-03-23 11:12:12,986   INFO  cfg.MODEL.MM_BACKBONE.IMAGE_INPUT_LAYER.hybrid_factor: [1, 1, 1]
2026-03-23 11:12:12,986   INFO  cfg.MODEL.MM_BACKBONE.IMAGE_INPUT_LAYER.shifts_list: [[[0, 0, 0], [15, 15, 0]]]
2026-03-23 11:12:12,986   INFO  cfg.MODEL.MM_BACKBONE.IMAGE_INPUT_LAYER.input_image: True
2026-03-23 11:12:12,986   INFO  ----------- LIDAR_INPUT_LAYER -----------
2026-03-23 11:12:12,986   INFO  cfg.MODEL.MM_BACKBONE.LIDAR_INPUT_LAYER.sparse_shape: [360, 360, 1]
2026-03-23 11:12:12,986   INFO  cfg.MODEL.MM_BACKBONE.LIDAR_INPUT_LAYER.d_model: [128]
2026-03-23 11:12:12,986   INFO  cfg.MODEL.MM_BACKBONE.LIDAR_INPUT_LAYER.set_info: [[90, 2]]
2026-03-23 11:12:12,986   INFO  cfg.MODEL.MM_BACKBONE.LIDAR_INPUT_LAYER.window_shape: [[30, 30, 1]]
2026-03-23 11:12:12,986   INFO  cfg.MODEL.MM_BACKBONE.LIDAR_INPUT_LAYER.hybrid_factor: [1, 1, 1]
2026-03-23 11:12:12,986   INFO  cfg.MODEL.MM_BACKBONE.LIDAR_INPUT_LAYER.shifts_list: [[[0, 0, 0], [15, 15, 0]]]
2026-03-23 11:12:12,986   INFO  cfg.MODEL.MM_BACKBONE.set_info: [[90, 2]]
2026-03-23 11:12:12,986   INFO  cfg.MODEL.MM_BACKBONE.d_model: [128]
2026-03-23 11:12:12,986   INFO  cfg.MODEL.MM_BACKBONE.nhead: [8]
2026-03-23 11:12:12,986   INFO  cfg.MODEL.MM_BACKBONE.dim_feedforward: [256]
2026-03-23 11:12:12,986   INFO  cfg.MODEL.MM_BACKBONE.dropout: 0.0
2026-03-23 11:12:12,986   INFO  cfg.MODEL.MM_BACKBONE.activation: gelu
2026-03-23 11:12:12,987   INFO  cfg.MODEL.MM_BACKBONE.checkpoint_blocks: [0, 1]
2026-03-23 11:12:12,987   INFO  ----------- layer_cfg -----------
2026-03-23 11:12:12,987   INFO  cfg.MODEL.MM_BACKBONE.layer_cfg.use_bn: False
2026-03-23 11:12:12,987   INFO  cfg.MODEL.MM_BACKBONE.layer_cfg.split_ffn: True
2026-03-23 11:12:12,987   INFO  cfg.MODEL.MM_BACKBONE.layer_cfg.split_residual: True
2026-03-23 11:12:12,987   INFO  ----------- FUSE_BACKBONE -----------
2026-03-23 11:12:12,987   INFO  ----------- LIDAR2IMAGE -----------
2026-03-23 11:12:12,987   INFO  cfg.MODEL.MM_BACKBONE.FUSE_BACKBONE.LIDAR2IMAGE.block_start: 1
2026-03-23 11:12:12,987   INFO  cfg.MODEL.MM_BACKBONE.FUSE_BACKBONE.LIDAR2IMAGE.block_end: 2
2026-03-23 11:12:12,987   INFO  cfg.MODEL.MM_BACKBONE.FUSE_BACKBONE.LIDAR2IMAGE.point_cloud_range: [-54.0, -54.0, -5.0, 54.0, 54.0, 3.0]
2026-03-23 11:12:12,987   INFO  cfg.MODEL.MM_BACKBONE.FUSE_BACKBONE.LIDAR2IMAGE.voxel_size: [0.3, 0.3, 8.0]
2026-03-23 11:12:12,987   INFO  cfg.MODEL.MM_BACKBONE.FUSE_BACKBONE.LIDAR2IMAGE.sample_num: 1
2026-03-23 11:12:12,987   INFO  ----------- lidar2image_layer -----------
2026-03-23 11:12:12,987   INFO  cfg.MODEL.MM_BACKBONE.FUSE_BACKBONE.LIDAR2IMAGE.lidar2image_layer.sparse_shape: [96, 264, 6]
2026-03-23 11:12:12,987   INFO  cfg.MODEL.MM_BACKBONE.FUSE_BACKBONE.LIDAR2IMAGE.lidar2image_layer.d_model: [128]
2026-03-23 11:12:12,987   INFO  cfg.MODEL.MM_BACKBONE.FUSE_BACKBONE.LIDAR2IMAGE.lidar2image_layer.set_info: [[90, 1]]
2026-03-23 11:12:12,987   INFO  cfg.MODEL.MM_BACKBONE.FUSE_BACKBONE.LIDAR2IMAGE.lidar2image_layer.window_shape: [[30, 30, 1]]
2026-03-23 11:12:12,987   INFO  cfg.MODEL.MM_BACKBONE.FUSE_BACKBONE.LIDAR2IMAGE.lidar2image_layer.hybrid_factor: [1, 1, 1]
2026-03-23 11:12:12,987   INFO  cfg.MODEL.MM_BACKBONE.FUSE_BACKBONE.LIDAR2IMAGE.lidar2image_layer.shifts_list: [[[0, 0, 0], [15, 15, 0]]]
2026-03-23 11:12:12,987   INFO  cfg.MODEL.MM_BACKBONE.FUSE_BACKBONE.LIDAR2IMAGE.lidar2image_layer.expand_max_voxels: 30
2026-03-23 11:12:12,987   INFO  cfg.MODEL.MM_BACKBONE.out_indices: [0, 1]
2026-03-23 11:12:12,987   INFO  ----------- NECK -----------
2026-03-23 11:12:12,987   INFO  cfg.MODEL.NECK.NAME: GeneralizedLSSFPN
2026-03-23 11:12:12,987   INFO  cfg.MODEL.NECK.IN_CHANNELS: [128, 128]
2026-03-23 11:12:12,987   INFO  cfg.MODEL.NECK.OUT_CHANNELS: 256
2026-03-23 11:12:12,987   INFO  cfg.MODEL.NECK.START_LEVEL: 0
2026-03-23 11:12:12,987   INFO  cfg.MODEL.NECK.END_LEVEL: -1
2026-03-23 11:12:12,987   INFO  cfg.MODEL.NECK.NUM_OUTS: 4
2026-03-23 11:12:12,987   INFO  cfg.MODEL.NECK.USE_BIAS: True
2026-03-23 11:12:12,987   INFO  cfg.MODEL.NECK.ALIGN_CORNERS: True
2026-03-23 11:12:12,987   INFO  ----------- VTRANSFORM -----------
2026-03-23 11:12:12,987   INFO  cfg.MODEL.VTRANSFORM.NAME: LSSTransform_Lite
2026-03-23 11:12:12,987   INFO  cfg.MODEL.VTRANSFORM.USE_MAMBA: True
2026-03-23 11:12:12,987   INFO  cfg.MODEL.VTRANSFORM.MAMBA_DOWNSAMPLE_SCALE: 2
2026-03-23 11:12:12,987   INFO  cfg.MODEL.VTRANSFORM.IMAGE_SIZE: [256, 704]
2026-03-23 11:12:12,987   INFO  cfg.MODEL.VTRANSFORM.IN_CHANNEL: 256
2026-03-23 11:12:12,988   INFO  cfg.MODEL.VTRANSFORM.OUT_CHANNEL: 80
2026-03-23 11:12:12,988   INFO  cfg.MODEL.VTRANSFORM.FEATURE_SIZE: [32, 88]
2026-03-23 11:12:12,988   INFO  cfg.MODEL.VTRANSFORM.XBOUND: [-54.0, 54.0, 0.3]
2026-03-23 11:12:12,988   INFO  cfg.MODEL.VTRANSFORM.YBOUND: [-54.0, 54.0, 0.3]
2026-03-23 11:12:12,988   INFO  cfg.MODEL.VTRANSFORM.ZBOUND: [-10.0, 10.0, 20.0]
2026-03-23 11:12:12,988   INFO  cfg.MODEL.VTRANSFORM.DBOUND: [1.0, 60.0, 0.5]
2026-03-23 11:12:12,988   INFO  cfg.MODEL.VTRANSFORM.DOWNSAMPLE: 1
2026-03-23 11:12:12,988   INFO  ----------- FUSER -----------
2026-03-23 11:12:12,988   INFO  cfg.MODEL.FUSER.NAME: ConvFuser
2026-03-23 11:12:12,988   INFO  cfg.MODEL.FUSER.IN_CHANNEL: 208
2026-03-23 11:12:12,988   INFO  cfg.MODEL.FUSER.OUT_CHANNEL: 128
2026-03-23 11:12:12,988   INFO  cfg.MODEL.FUSER.USE_MODALITY_DROPOUT: False
2026-03-23 11:12:12,988   INFO  cfg.MODEL.FUSER.P_CAM: 0.1
2026-03-23 11:12:12,988   INFO  cfg.MODEL.FUSER.P_LIDAR: 0.05
2026-03-23 11:12:12,988   INFO  cfg.MODEL.FUSER.USE_GATED_FUSION: True
2026-03-23 11:12:12,988   INFO  cfg.MODEL.FUSER.USE_ALIGNMENT_PROXY: False
2026-03-23 11:12:12,988   INFO  cfg.MODEL.FUSER.ALIGNMENT_PROXY_MODE: none
2026-03-23 11:12:12,988   INFO  cfg.MODEL.FUSER.GATE_USE_MASK: True
2026-03-23 11:12:12,988   INFO  cfg.MODEL.FUSER.GATE_HIDDEN_DIM: 128
2026-03-23 11:12:12,988   INFO  cfg.MODEL.FUSER.GATE_PROJ_DIM: 64
2026-03-23 11:12:12,988   INFO  cfg.MODEL.FUSER.TOPK_TRAIN: 2
2026-03-23 11:12:12,988   INFO  cfg.MODEL.FUSER.TOPK_EVAL: 2
2026-03-23 11:12:12,988   INFO  cfg.MODEL.FUSER.ENFORCE_CONSISTENT_TOPK: True
2026-03-23 11:12:12,988   INFO  cfg.MODEL.FUSER.USE_CONTINUOUS_SOFT_GATE: True
2026-03-23 11:12:12,988   INFO  cfg.MODEL.FUSER.SPARSE_GATE_INCLUDE_NULL_EXPERT: True
2026-03-23 11:12:12,988   INFO  cfg.MODEL.FUSER.USE_SOFT_MASK_TRAIN: True
2026-03-23 11:12:12,988   INFO  cfg.MODEL.FUSER.SOFT_MASK_THRESHOLD: 0.5
2026-03-23 11:12:12,988   INFO  cfg.MODEL.FUSER.SOFT_MASK_TEMPERATURE: 0.25
2026-03-23 11:12:12,988   INFO  cfg.MODEL.FUSER.MASK_BUDGET_TARGET: 0.7
2026-03-23 11:12:12,988   INFO  cfg.MODEL.FUSER.LOSS_WEIGHT_LB: 0.01
2026-03-23 11:12:12,988   INFO  cfg.MODEL.FUSER.LOSS_WEIGHT_Z: 0.001
2026-03-23 11:12:12,988   INFO  cfg.MODEL.FUSER.LOSS_WEIGHT_CAP: 0.01
2026-03-23 11:12:12,988   INFO  cfg.MODEL.FUSER.CAPACITY_FACTOR: 1.25
2026-03-23 11:12:12,988   INFO  cfg.MODEL.FUSER.LOSS_WEIGHT_BUDGET: 0.01
2026-03-23 11:12:12,988   INFO  cfg.MODEL.FUSER.LOSS_WEIGHT_BUDGET_SHAPE: 0.01
2026-03-23 11:12:12,988   INFO  cfg.MODEL.FUSER.LOSS_WEIGHT_NULL: 0.01
2026-03-23 11:12:12,989   INFO  cfg.MODEL.FUSER.NULL_BUDGET_TARGET: 0.15
2026-03-23 11:12:12,989   INFO  cfg.MODEL.FUSER.USE_SPARSE_DISTILL: True
2026-03-23 11:12:12,989   INFO  cfg.MODEL.FUSER.DISTILL_DETACH_TEACHER: True
2026-03-23 11:12:12,989   INFO  cfg.MODEL.FUSER.LOSS_WEIGHT_DISTILL: 0.02
2026-03-23 11:12:12,989   INFO  cfg.MODEL.FUSER.DISTILL_WARMUP_STEPS: 2000
2026-03-23 11:12:12,989   INFO  cfg.MODEL.FUSER.ENABLE_DISTILL_GRAD_MONITOR: False
2026-03-23 11:12:12,989   INFO  cfg.MODEL.FUSER.DISTILL_CONFLICT_THRESHOLD: 0.0
2026-03-23 11:12:12,989   INFO  cfg.MODEL.FUSER.DISTILL_CONFLICT_MODE: downweight
2026-03-23 11:12:12,989   INFO  cfg.MODEL.FUSER.DISTILL_CONFLICT_DROP_SCALE: 0.5
2026-03-23 11:12:12,989   INFO  ----------- MAP_TO_BEV -----------
2026-03-23 11:12:12,989   INFO  cfg.MODEL.MAP_TO_BEV.NAME: PointPillarScatter3d
2026-03-23 11:12:12,989   INFO  cfg.MODEL.MAP_TO_BEV.INPUT_SHAPE: [360, 360, 1]
2026-03-23 11:12:12,989   INFO  cfg.MODEL.MAP_TO_BEV.NUM_BEV_FEATURES: 128
2026-03-23 11:12:12,989   INFO  ----------- BACKBONE_2D -----------
2026-03-23 11:12:12,989   INFO  cfg.MODEL.BACKBONE_2D.NAME: BaseBEVResBackbone
2026-03-23 11:12:12,989   INFO  cfg.MODEL.BACKBONE_2D.LAYER_NUMS: [1, 2, 2, 2]
2026-03-23 11:12:12,989   INFO  cfg.MODEL.BACKBONE_2D.LAYER_STRIDES: [1, 2, 2, 2]
2026-03-23 11:12:12,989   INFO  cfg.MODEL.BACKBONE_2D.NUM_FILTERS: [128, 128, 256, 256]
2026-03-23 11:12:12,989   INFO  cfg.MODEL.BACKBONE_2D.UPSAMPLE_STRIDES: [0.5, 1, 2, 4]
2026-03-23 11:12:12,989   INFO  cfg.MODEL.BACKBONE_2D.NUM_UPSAMPLE_FILTERS: [128, 128, 128, 128]
2026-03-23 11:12:12,989   INFO  ----------- DENSE_HEAD -----------
2026-03-23 11:12:12,989   INFO  cfg.MODEL.DENSE_HEAD.CLASS_AGNOSTIC: False
2026-03-23 11:12:12,989   INFO  cfg.MODEL.DENSE_HEAD.NAME: TransFusionHead
2026-03-23 11:12:12,989   INFO  cfg.MODEL.DENSE_HEAD.QUERY_RADIUS: 20
2026-03-23 11:12:12,989   INFO  cfg.MODEL.DENSE_HEAD.QUERY_LOCAL: True
2026-03-23 11:12:12,989   INFO  cfg.MODEL.DENSE_HEAD.USE_BIAS_BEFORE_NORM: True
2026-03-23 11:12:12,989   INFO  cfg.MODEL.DENSE_HEAD.NUM_PROPOSALS: 200
2026-03-23 11:12:12,989   INFO  cfg.MODEL.DENSE_HEAD.HIDDEN_CHANNEL: 128
2026-03-23 11:12:12,989   INFO  cfg.MODEL.DENSE_HEAD.NUM_CLASSES: 10
2026-03-23 11:12:12,989   INFO  cfg.MODEL.DENSE_HEAD.NUM_HEADS: 8
2026-03-23 11:12:12,989   INFO  cfg.MODEL.DENSE_HEAD.NMS_KERNEL_SIZE: 3
2026-03-23 11:12:12,989   INFO  cfg.MODEL.DENSE_HEAD.FFN_CHANNEL: 256
2026-03-23 11:12:12,989   INFO  cfg.MODEL.DENSE_HEAD.DROPOUT: 0.1
2026-03-23 11:12:12,989   INFO  cfg.MODEL.DENSE_HEAD.BN_MOMENTUM: 0.1
2026-03-23 11:12:12,989   INFO  cfg.MODEL.DENSE_HEAD.ACTIVATION: relu
2026-03-23 11:12:12,989   INFO  cfg.MODEL.DENSE_HEAD.NUM_HM_CONV: 2
2026-03-23 11:12:12,990   INFO  ----------- SEPARATE_HEAD_CFG -----------
2026-03-23 11:12:12,990   INFO  cfg.MODEL.DENSE_HEAD.SEPARATE_HEAD_CFG.HEAD_ORDER: ['center', 'height', 'dim', 'rot', 'vel', 'iou']
2026-03-23 11:12:12,990   INFO  ----------- HEAD_DICT -----------
2026-03-23 11:12:12,990   INFO  ----------- center -----------
2026-03-23 11:12:12,990   INFO  cfg.MODEL.DENSE_HEAD.SEPARATE_HEAD_CFG.HEAD_DICT.center.out_channels: 2
2026-03-23 11:12:12,990   INFO  cfg.MODEL.DENSE_HEAD.SEPARATE_HEAD_CFG.HEAD_DICT.center.num_conv: 2
2026-03-23 11:12:12,990   INFO  ----------- height -----------
2026-03-23 11:12:12,990   INFO  cfg.MODEL.DENSE_HEAD.SEPARATE_HEAD_CFG.HEAD_DICT.height.out_channels: 1
2026-03-23 11:12:12,990   INFO  cfg.MODEL.DENSE_HEAD.SEPARATE_HEAD_CFG.HEAD_DICT.height.num_conv: 2
2026-03-23 11:12:12,990   INFO  ----------- dim -----------
2026-03-23 11:12:12,990   INFO  cfg.MODEL.DENSE_HEAD.SEPARATE_HEAD_CFG.HEAD_DICT.dim.out_channels: 3
2026-03-23 11:12:12,990   INFO  cfg.MODEL.DENSE_HEAD.SEPARATE_HEAD_CFG.HEAD_DICT.dim.num_conv: 2
2026-03-23 11:12:12,990   INFO  ----------- rot -----------
2026-03-23 11:12:12,990   INFO  cfg.MODEL.DENSE_HEAD.SEPARATE_HEAD_CFG.HEAD_DICT.rot.out_channels: 2
2026-03-23 11:12:12,990   INFO  cfg.MODEL.DENSE_HEAD.SEPARATE_HEAD_CFG.HEAD_DICT.rot.num_conv: 2
2026-03-23 11:12:12,990   INFO  ----------- vel -----------
2026-03-23 11:12:12,990   INFO  cfg.MODEL.DENSE_HEAD.SEPARATE_HEAD_CFG.HEAD_DICT.vel.out_channels: 2
2026-03-23 11:12:12,990   INFO  cfg.MODEL.DENSE_HEAD.SEPARATE_HEAD_CFG.HEAD_DICT.vel.num_conv: 2
2026-03-23 11:12:12,990   INFO  ----------- iou -----------
2026-03-23 11:12:12,990   INFO  cfg.MODEL.DENSE_HEAD.SEPARATE_HEAD_CFG.HEAD_DICT.iou.out_channels: 1
2026-03-23 11:12:12,990   INFO  cfg.MODEL.DENSE_HEAD.SEPARATE_HEAD_CFG.HEAD_DICT.iou.num_conv: 2
2026-03-23 11:12:12,990   INFO  ----------- TARGET_ASSIGNER_CONFIG -----------
2026-03-23 11:12:12,990   INFO  cfg.MODEL.DENSE_HEAD.TARGET_ASSIGNER_CONFIG.FEATURE_MAP_STRIDE: 2
2026-03-23 11:12:12,990   INFO  cfg.MODEL.DENSE_HEAD.TARGET_ASSIGNER_CONFIG.DATASET: nuScenes
2026-03-23 11:12:12,990   INFO  cfg.MODEL.DENSE_HEAD.TARGET_ASSIGNER_CONFIG.GAUSSIAN_OVERLAP: 0.1
2026-03-23 11:12:12,990   INFO  cfg.MODEL.DENSE_HEAD.TARGET_ASSIGNER_CONFIG.MIN_RADIUS: 2
2026-03-23 11:12:12,990   INFO  ----------- HUNGARIAN_ASSIGNER -----------
2026-03-23 11:12:12,990   INFO  ----------- cls_cost -----------
2026-03-23 11:12:12,990   INFO  cfg.MODEL.DENSE_HEAD.TARGET_ASSIGNER_CONFIG.HUNGARIAN_ASSIGNER.cls_cost.gamma: 2.0
2026-03-23 11:12:12,990   INFO  cfg.MODEL.DENSE_HEAD.TARGET_ASSIGNER_CONFIG.HUNGARIAN_ASSIGNER.cls_cost.alpha: 0.25
2026-03-23 11:12:12,990   INFO  cfg.MODEL.DENSE_HEAD.TARGET_ASSIGNER_CONFIG.HUNGARIAN_ASSIGNER.cls_cost.weight: 0.15
2026-03-23 11:12:12,990   INFO  ----------- reg_cost -----------
2026-03-23 11:12:12,990   INFO  cfg.MODEL.DENSE_HEAD.TARGET_ASSIGNER_CONFIG.HUNGARIAN_ASSIGNER.reg_cost.weight: 0.25
2026-03-23 11:12:12,990   INFO  ----------- iou_cost -----------
2026-03-23 11:12:12,990   INFO  cfg.MODEL.DENSE_HEAD.TARGET_ASSIGNER_CONFIG.HUNGARIAN_ASSIGNER.iou_cost.weight: 0.25
2026-03-23 11:12:12,991   INFO  ----------- LOSS_CONFIG -----------
2026-03-23 11:12:12,991   INFO  ----------- LOSS_WEIGHTS -----------
2026-03-23 11:12:12,991   INFO  cfg.MODEL.DENSE_HEAD.LOSS_CONFIG.LOSS_WEIGHTS.cls_weight: 1.0
2026-03-23 11:12:12,991   INFO  cfg.MODEL.DENSE_HEAD.LOSS_CONFIG.LOSS_WEIGHTS.bbox_weight: 0.25
2026-03-23 11:12:12,991   INFO  cfg.MODEL.DENSE_HEAD.LOSS_CONFIG.LOSS_WEIGHTS.hm_weight: 1.0
2026-03-23 11:12:12,991   INFO  cfg.MODEL.DENSE_HEAD.LOSS_CONFIG.LOSS_WEIGHTS.iou_weight: 0.5
2026-03-23 11:12:12,991   INFO  cfg.MODEL.DENSE_HEAD.LOSS_CONFIG.LOSS_WEIGHTS.iou_reg_weight: 0.5
2026-03-23 11:12:12,991   INFO  cfg.MODEL.DENSE_HEAD.LOSS_CONFIG.LOSS_WEIGHTS.code_weights: [1.0, 1.0, 1.0, 1.0, 1.0, 1.0, 1.0, 1.0, 0.2, 0.2]
2026-03-23 11:12:12,991   INFO  ----------- LOSS_CLS -----------
2026-03-23 11:12:12,991   INFO  cfg.MODEL.DENSE_HEAD.LOSS_CONFIG.LOSS_CLS.use_sigmoid: True
2026-03-23 11:12:12,991   INFO  cfg.MODEL.DENSE_HEAD.LOSS_CONFIG.LOSS_CLS.gamma: 2.0
2026-03-23 11:12:12,991   INFO  cfg.MODEL.DENSE_HEAD.LOSS_CONFIG.LOSS_CLS.alpha: 0.25
2026-03-23 11:12:12,991   INFO  cfg.MODEL.DENSE_HEAD.LOSS_CONFIG.LOSS_IOU: True
2026-03-23 11:12:12,991   INFO  cfg.MODEL.DENSE_HEAD.LOSS_CONFIG.LOSS_IOU_REG: True
2026-03-23 11:12:12,991   INFO  ----------- POST_PROCESSING -----------
2026-03-23 11:12:12,991   INFO  cfg.MODEL.DENSE_HEAD.POST_PROCESSING.SCORE_THRESH: 0.0
2026-03-23 11:12:12,991   INFO  cfg.MODEL.DENSE_HEAD.POST_PROCESSING.POST_CENTER_RANGE: [-61.2, -61.2, -10.0, 61.2, 61.2, 10.0]
2026-03-23 11:12:12,991   INFO  cfg.MODEL.DENSE_HEAD.POST_PROCESSING.USE_IOU_TO_RECTIFY_SCORE: True
2026-03-23 11:12:12,991   INFO  cfg.MODEL.DENSE_HEAD.POST_PROCESSING.IOU_RECTIFIER: [0.5]
2026-03-23 11:12:12,991   INFO  ----------- NMS_CONFIG -----------
2026-03-23 11:12:12,991   INFO  cfg.MODEL.DENSE_HEAD.NMS_CONFIG.NMS_TYPE: nms_gpu
2026-03-23 11:12:12,991   INFO  cfg.MODEL.DENSE_HEAD.NMS_CONFIG.NMS_THRESH: 0.2
2026-03-23 11:12:12,991   INFO  cfg.MODEL.DENSE_HEAD.NMS_CONFIG.NMS_PRE_MAXSIZE: 1000
2026-03-23 11:12:12,991   INFO  cfg.MODEL.DENSE_HEAD.NMS_CONFIG.NMS_POST_MAXSIZE: 100
2026-03-23 11:12:12,991   INFO  cfg.MODEL.DENSE_HEAD.NMS_CONFIG.SCORE_THRES: 0.0
2026-03-23 11:12:12,991   INFO  ----------- POST_PROCESSING -----------
2026-03-23 11:12:12,991   INFO  cfg.MODEL.POST_PROCESSING.RECALL_THRESH_LIST: [0.3, 0.5, 0.7]
2026-03-23 11:12:12,991   INFO  cfg.MODEL.POST_PROCESSING.SCORE_THRESH: 0.1
2026-03-23 11:12:12,991   INFO  cfg.MODEL.POST_PROCESSING.OUTPUT_RAW_SCORE: False
2026-03-23 11:12:12,991   INFO  cfg.MODEL.POST_PROCESSING.EVAL_METRIC: kitti
2026-03-23 11:12:12,991   INFO  ----------- NMS_CONFIG -----------
2026-03-23 11:12:12,991   INFO  cfg.MODEL.POST_PROCESSING.NMS_CONFIG.MULTI_CLASSES_NMS: True
2026-03-23 11:12:12,991   INFO  cfg.MODEL.POST_PROCESSING.NMS_CONFIG.NMS_TYPE: nms_gpu
2026-03-23 11:12:12,991   INFO  cfg.MODEL.POST_PROCESSING.NMS_CONFIG.NMS_THRESH: 0.2
2026-03-23 11:12:12,992   INFO  cfg.MODEL.POST_PROCESSING.NMS_CONFIG.NMS_PRE_MAXSIZE: 1000
2026-03-23 11:12:12,992   INFO  cfg.MODEL.POST_PROCESSING.NMS_CONFIG.NMS_POST_MAXSIZE: 83
2026-03-23 11:12:12,992   INFO  ----------- OPTIMIZATION -----------
2026-03-23 11:12:12,992   INFO  cfg.OPTIMIZATION.BATCH_SIZE_PER_GPU: 1
2026-03-23 11:12:12,992   INFO  cfg.OPTIMIZATION.NUM_EPOCHS: 10
2026-03-23 11:12:12,992   INFO  cfg.OPTIMIZATION.ACCUMULATION_STEPS: 6
2026-03-23 11:12:12,992   INFO  cfg.OPTIMIZATION.OPTIMIZER: adam_onecycle_split
2026-03-23 11:12:12,992   INFO  cfg.OPTIMIZATION.LR: 0.0015
2026-03-23 11:12:12,992   INFO  cfg.OPTIMIZATION.WEIGHT_DECAY: 0.03
2026-03-23 11:12:12,992   INFO  cfg.OPTIMIZATION.MOMENTUM: 0.9
2026-03-23 11:12:12,992   INFO  cfg.OPTIMIZATION.MOMS: [0.95, 0.85]
2026-03-23 11:12:12,992   INFO  cfg.OPTIMIZATION.PCT_START: 0.1
2026-03-23 11:12:12,992   INFO  cfg.OPTIMIZATION.DIV_FACTOR: 10
2026-03-23 11:12:12,992   INFO  cfg.OPTIMIZATION.DECAY_STEP_LIST: [35, 45]
2026-03-23 11:12:12,992   INFO  cfg.OPTIMIZATION.LR_DECAY: 0.1
2026-03-23 11:12:12,992   INFO  cfg.OPTIMIZATION.LR_CLIP: 1e-07
2026-03-23 11:12:12,992   INFO  ----------- SPLIT_CFG -----------
2026-03-23 11:12:12,992   INFO  cfg.OPTIMIZATION.SPLIT_CFG.MODEL_NAME: ['MambaFusion.Backbone_VSSM']
2026-03-23 11:12:12,992   INFO  cfg.OPTIMIZATION.SPLIT_CFG.SCALE: [0.1, 1]
2026-03-23 11:12:12,992   INFO  cfg.OPTIMIZATION.LR_WARMUP: False
2026-03-23 11:12:12,992   INFO  cfg.OPTIMIZATION.WARMUP_EPOCH: 1
2026-03-23 11:12:12,992   INFO  cfg.OPTIMIZATION.GRAD_NORM_CLIP: 10
2026-03-23 11:12:12,992   INFO  cfg.OPTIMIZATION.LOSS_SCALE_FP16: 32
2026-03-23 11:12:12,992   INFO  ----------- HOOK -----------
2026-03-23 11:12:12,992   INFO  ----------- DisableAugmentationHook -----------
2026-03-23 11:12:12,992   INFO  cfg.HOOK.DisableAugmentationHook.DISABLE_AUG_LIST: ['gt_sampling']
2026-03-23 11:12:12,992   INFO  cfg.HOOK.DisableAugmentationHook.NUM_LAST_EPOCHS: 2
2026-03-23 11:12:12,992   INFO  cfg.TAG: mamba_fusion
2026-03-23 11:12:12,992   INFO  cfg.EXP_GROUP_PATH: mambafusion_models
2026-03-23 11:12:12,997   INFO  ----------- Create dataloader & network & optimizer -----------
2026-03-23 11:12:19,645   INFO  Database filter by min points car: 339949 => 294532
2026-03-23 11:12:19,672   INFO  Database filter by min points truck: 65262 => 60344
2026-03-23 11:12:19,675   INFO  Database filter by min points construction_vehicle: 11050 => 10589
2026-03-23 11:12:19,677   INFO  Database filter by min points bus: 12286 => 11619
2026-03-23 11:12:19,680   INFO  Database filter by min points trailer: 19202 => 17934
2026-03-23 11:12:19,696   INFO  Database filter by min points barrier: 107507 => 101993
2026-03-23 11:12:19,699   INFO  Database filter by min points motorcycle: 8846 => 8055
2026-03-23 11:12:19,700   INFO  Database filter by min points bicycle: 8185 => 7531
2026-03-23 11:12:19,725   INFO  Database filter by min points pedestrian: 161928 => 148520
2026-03-23 11:12:19,740   INFO  Database filter by min points traffic_cone: 62964 => 55504
2026-03-23 11:12:19,886   INFO  Loading NuScenes dataset
2026-03-23 11:12:24,525   INFO  Total samples for NuScenes dataset: 28130
2026-03-23 11:12:24,834   INFO  Total samples after balanced resampling: 123580
2026-03-23 11:12:32,864   INFO  ==> Loading parameters from checkpoint ckpts/pretrained.pth to CPU
2026-03-23 11:12:35,130   INFO  Not updated weight global_step: torch.Size([1])
2026-03-23 11:12:35,130   INFO  Not updated weight backbone_3d.dow5.sub_conv.0.weight: torch.Size([128, 3, 3, 3, 128])
2026-03-23 11:12:35,130   INFO  Not updated weight backbone_3d.dow5.sub_conv.1.weight: torch.Size([128])
2026-03-23 11:12:35,130   INFO  Not updated weight backbone_3d.dow5.sub_conv.1.bias: torch.Size([128])
2026-03-23 11:12:35,130   INFO  Not updated weight backbone_3d.dow5.norm.weight: torch.Size([128])
2026-03-23 11:12:35,130   INFO  Not updated weight backbone_3d.dow5.norm.bias: torch.Size([128])
2026-03-23 11:12:35,131   INFO  Not updated weight mm_backbone.backbone_vssm.outnorm1.weight: torch.Size([256])
2026-03-23 11:12:35,131   INFO  Not updated weight mm_backbone.backbone_vssm.outnorm1.bias: torch.Size([256])
2026-03-23 11:12:35,131   INFO  Not updated weight mm_backbone.vssm_down_block.weight: torch.Size([128, 256, 1, 1])
2026-03-23 11:12:35,131   INFO  Not updated weight mm_backbone.vssm_down_block.bias: torch.Size([128])
2026-03-23 11:12:35,131   INFO  Not updated weight mm_backbone.pos_embed_inter2.0.0.weight: torch.Size([128, 9])
2026-03-23 11:12:35,131   INFO  Not updated weight mm_backbone.pos_embed_inter2.0.0.bias: torch.Size([128])
2026-03-23 11:12:35,131   INFO  Not updated weight mm_backbone.pos_embed_inter2.0.1.weight: torch.Size([128])
2026-03-23 11:12:35,131   INFO  Not updated weight mm_backbone.pos_embed_inter2.0.1.bias: torch.Size([128])
2026-03-23 11:12:35,131   INFO  Not updated weight mm_backbone.pos_embed_inter2.0.1.running_mean: torch.Size([128])
2026-03-23 11:12:35,131   INFO  Not updated weight mm_backbone.pos_embed_inter2.0.1.running_var: torch.Size([128])
2026-03-23 11:12:35,131   INFO  Not updated weight mm_backbone.pos_embed_inter2.0.1.num_batches_tracked: torch.Size([])
2026-03-23 11:12:35,131   INFO  Not updated weight mm_backbone.pos_embed_inter2.0.3.weight: torch.Size([128, 128])
2026-03-23 11:12:35,131   INFO  Not updated weight mm_backbone.pos_embed_inter2.0.3.bias: torch.Size([128])
2026-03-23 11:12:35,131   INFO  Not updated weight mm_backbone.pos_embed_intra.0.weight: torch.Size([128, 9])
2026-03-23 11:12:35,131   INFO  Not updated weight mm_backbone.pos_embed_intra.0.bias: torch.Size([128])
2026-03-23 11:12:35,131   INFO  Not updated weight mm_backbone.pos_embed_intra.1.weight: torch.Size([128])
2026-03-23 11:12:35,131   INFO  Not updated weight mm_backbone.pos_embed_intra.1.bias: torch.Size([128])
2026-03-23 11:12:35,131   INFO  Not updated weight mm_backbone.pos_embed_intra.1.running_mean: torch.Size([128])
2026-03-23 11:12:35,131   INFO  Not updated weight mm_backbone.pos_embed_intra.1.running_var: torch.Size([128])
2026-03-23 11:12:35,131   INFO  Not updated weight mm_backbone.pos_embed_intra.1.num_batches_tracked: torch.Size([])
2026-03-23 11:12:35,131   INFO  Not updated weight mm_backbone.pos_embed_intra.3.weight: torch.Size([128, 128])
2026-03-23 11:12:35,131   INFO  Not updated weight mm_backbone.pos_embed_intra.3.bias: torch.Size([128])
2026-03-23 11:12:35,131   INFO  Not updated weight mm_backbone.stage_0.0.0.encoder.0.blocks.0.mamba.A_log: torch.Size([256, 16])
2026-03-23 11:12:35,131   INFO  Not updated weight mm_backbone.stage_0.0.0.encoder.0.blocks.0.mamba.D: torch.Size([256])
2026-03-23 11:12:35,131   INFO  Not updated weight mm_backbone.stage_0.0.0.encoder.0.blocks.0.mamba.in_proj.weight: torch.Size([512, 128])
2026-03-23 11:12:35,131   INFO  Not updated weight mm_backbone.stage_0.0.0.encoder.0.blocks.0.mamba.conv1d.weight: torch.Size([256, 1, 4])
2026-03-23 11:12:35,131   INFO  Not updated weight mm_backbone.stage_0.0.0.encoder.0.blocks.0.mamba.conv1d.bias: torch.Size([256])
2026-03-23 11:12:35,131   INFO  Not updated weight mm_backbone.stage_0.0.0.encoder.0.blocks.0.mamba.x_proj.weight: torch.Size([40, 256])
2026-03-23 11:12:35,131   INFO  Not updated weight mm_backbone.stage_0.0.0.encoder.0.blocks.0.mamba.dt_proj.weight: torch.Size([256, 8])
2026-03-23 11:12:35,131   INFO  Not updated weight mm_backbone.stage_0.0.0.encoder.0.blocks.0.mamba.dt_proj.bias: torch.Size([256])
2026-03-23 11:12:35,132   INFO  Not updated weight mm_backbone.stage_0.0.0.encoder.0.blocks.0.mamba.out_proj.weight: torch.Size([128, 256])
2026-03-23 11:12:35,132   INFO  Not updated weight mm_backbone.stage_0.0.0.encoder.0.blocks.0.norm.weight: torch.Size([128])
2026-03-23 11:12:35,132   INFO  Not updated weight mm_backbone.stage_0.0.0.encoder.0.blocks.0.norm.bias: torch.Size([128])
2026-03-23 11:12:35,132   INFO  Not updated weight mm_backbone.stage_0.0.0.encoder.0.blocks.1.mamba.A_log: torch.Size([256, 16])
2026-03-23 11:12:35,132   INFO  Not updated weight mm_backbone.stage_0.0.0.encoder.0.blocks.1.mamba.D: torch.Size([256])
2026-03-23 11:12:35,132   INFO  Not updated weight mm_backbone.stage_0.0.0.encoder.0.blocks.1.mamba.in_proj.weight: torch.Size([512, 128])
2026-03-23 11:12:35,132   INFO  Not updated weight mm_backbone.stage_0.0.0.encoder.0.blocks.1.mamba.conv1d.weight: torch.Size([256, 1, 4])
2026-03-23 11:12:35,132   INFO  Not updated weight mm_backbone.stage_0.0.0.encoder.0.blocks.1.mamba.conv1d.bias: torch.Size([256])
2026-03-23 11:12:35,132   INFO  Not updated weight mm_backbone.stage_0.0.0.encoder.0.blocks.1.mamba.x_proj.weight: torch.Size([40, 256])
2026-03-23 11:12:35,132   INFO  Not updated weight mm_backbone.stage_0.0.0.encoder.0.blocks.1.mamba.dt_proj.weight: torch.Size([256, 8])
2026-03-23 11:12:35,132   INFO  Not updated weight mm_backbone.stage_0.0.0.encoder.0.blocks.1.mamba.dt_proj.bias: torch.Size([256])
2026-03-23 11:12:35,132   INFO  Not updated weight mm_backbone.stage_0.0.0.encoder.0.blocks.1.mamba.out_proj.weight: torch.Size([128, 256])
2026-03-23 11:12:35,132   INFO  Not updated weight mm_backbone.stage_0.0.0.encoder.0.blocks.1.norm.weight: torch.Size([128])
2026-03-23 11:12:35,132   INFO  Not updated weight mm_backbone.stage_0.0.0.encoder.0.blocks.1.norm.bias: torch.Size([128])
2026-03-23 11:12:35,132   INFO  Not updated weight mm_backbone.stage_0.0.0.encoder.1.blocks.0.mamba.A_log: torch.Size([256, 16])
2026-03-23 11:12:35,132   INFO  Not updated weight mm_backbone.stage_0.0.0.encoder.1.blocks.0.mamba.D: torch.Size([256])
2026-03-23 11:12:35,132   INFO  Not updated weight mm_backbone.stage_0.0.0.encoder.1.blocks.0.mamba.in_proj.weight: torch.Size([512, 128])
2026-03-23 11:12:35,132   INFO  Not updated weight mm_backbone.stage_0.0.0.encoder.1.blocks.0.mamba.conv1d.weight: torch.Size([256, 1, 4])
2026-03-23 11:12:35,132   INFO  Not updated weight mm_backbone.stage_0.0.0.encoder.1.blocks.0.mamba.conv1d.bias: torch.Size([256])
2026-03-23 11:12:35,132   INFO  Not updated weight mm_backbone.stage_0.0.0.encoder.1.blocks.0.mamba.x_proj.weight: torch.Size([40, 256])
2026-03-23 11:12:35,132   INFO  Not updated weight mm_backbone.stage_0.0.0.encoder.1.blocks.0.mamba.dt_proj.weight: torch.Size([256, 8])
2026-03-23 11:12:35,132   INFO  Not updated weight mm_backbone.stage_0.0.0.encoder.1.blocks.0.mamba.dt_proj.bias: torch.Size([256])
2026-03-23 11:12:35,132   INFO  Not updated weight mm_backbone.stage_0.0.0.encoder.1.blocks.0.mamba.out_proj.weight: torch.Size([128, 256])
2026-03-23 11:12:35,132   INFO  Not updated weight mm_backbone.stage_0.0.0.encoder.1.blocks.0.norm.weight: torch.Size([128])
2026-03-23 11:12:35,132   INFO  Not updated weight mm_backbone.stage_0.0.0.encoder.1.blocks.0.norm.bias: torch.Size([128])
2026-03-23 11:12:35,132   INFO  Not updated weight mm_backbone.stage_0.0.0.encoder.1.blocks.1.mamba.A_log: torch.Size([256, 16])
2026-03-23 11:12:35,132   INFO  Not updated weight mm_backbone.stage_0.0.0.encoder.1.blocks.1.mamba.D: torch.Size([256])
2026-03-23 11:12:35,132   INFO  Not updated weight mm_backbone.stage_0.0.0.encoder.1.blocks.1.mamba.in_proj.weight: torch.Size([512, 128])
2026-03-23 11:12:35,132   INFO  Not updated weight mm_backbone.stage_0.0.0.encoder.1.blocks.1.mamba.conv1d.weight: torch.Size([256, 1, 4])
2026-03-23 11:12:35,132   INFO  Not updated weight mm_backbone.stage_0.0.0.encoder.1.blocks.1.mamba.conv1d.bias: torch.Size([256])
2026-03-23 11:12:35,132   INFO  Not updated weight mm_backbone.stage_0.0.0.encoder.1.blocks.1.mamba.x_proj.weight: torch.Size([40, 256])
2026-03-23 11:12:35,132   INFO  Not updated weight mm_backbone.stage_0.0.0.encoder.1.blocks.1.mamba.dt_proj.weight: torch.Size([256, 8])
2026-03-23 11:12:35,132   INFO  Not updated weight mm_backbone.stage_0.0.0.encoder.1.blocks.1.mamba.dt_proj.bias: torch.Size([256])
2026-03-23 11:12:35,133   INFO  Not updated weight mm_backbone.stage_0.0.0.encoder.1.blocks.1.mamba.out_proj.weight: torch.Size([128, 256])
2026-03-23 11:12:35,133   INFO  Not updated weight mm_backbone.stage_0.0.0.encoder.1.blocks.1.norm.weight: torch.Size([128])
2026-03-23 11:12:35,133   INFO  Not updated weight mm_backbone.stage_0.0.0.encoder.1.blocks.1.norm.bias: torch.Size([128])
2026-03-23 11:12:35,133   INFO  Not updated weight mm_backbone.stage_0.0.0.downsample_list.0.sub_conv.0.weight: torch.Size([128, 3, 3, 3, 128])
2026-03-23 11:12:35,133   INFO  Not updated weight mm_backbone.stage_0.0.0.downsample_list.0.sub_conv.1.weight: torch.Size([128])
2026-03-23 11:12:35,133   INFO  Not updated weight mm_backbone.stage_0.0.0.downsample_list.0.sub_conv.1.bias: torch.Size([128])
2026-03-23 11:12:35,133   INFO  Not updated weight mm_backbone.stage_0.0.0.downsample_list.0.norm.weight: torch.Size([128])
2026-03-23 11:12:35,133   INFO  Not updated weight mm_backbone.stage_0.0.0.downsample_list.0.norm.bias: torch.Size([128])
2026-03-23 11:12:35,133   INFO  Not updated weight mm_backbone.stage_0.0.0.downsample_list.1.sub_conv.0.weight: torch.Size([128, 3, 3, 3, 128])
2026-03-23 11:12:35,133   INFO  Not updated weight mm_backbone.stage_0.0.0.downsample_list.1.sub_conv.1.weight: torch.Size([128])
2026-03-23 11:12:35,133   INFO  Not updated weight mm_backbone.stage_0.0.0.downsample_list.1.sub_conv.1.bias: torch.Size([128])
2026-03-23 11:12:35,133   INFO  Not updated weight mm_backbone.stage_0.0.0.downsample_list.1.norm.weight: torch.Size([128])
2026-03-23 11:12:35,133   INFO  Not updated weight mm_backbone.stage_0.0.0.downsample_list.1.norm.bias: torch.Size([128])
2026-03-23 11:12:35,133   INFO  Not updated weight mm_backbone.stage_0.0.0.pos_emb_list.0.position_embedding_head.0.weight: torch.Size([128, 2])
2026-03-23 11:12:35,133   INFO  Not updated weight mm_backbone.stage_0.0.0.pos_emb_list.0.position_embedding_head.0.bias: torch.Size([128])
2026-03-23 11:12:35,133   INFO  Not updated weight mm_backbone.stage_0.0.0.pos_emb_list.0.position_embedding_head.1.weight: torch.Size([128])
2026-03-23 11:12:35,133   INFO  Not updated weight mm_backbone.stage_0.0.0.pos_emb_list.0.position_embedding_head.1.bias: torch.Size([128])
2026-03-23 11:12:35,133   INFO  Not updated weight mm_backbone.stage_0.0.0.pos_emb_list.0.position_embedding_head.1.running_mean: torch.Size([128])
2026-03-23 11:12:35,133   INFO  Not updated weight mm_backbone.stage_0.0.0.pos_emb_list.0.position_embedding_head.1.running_var: torch.Size([128])
2026-03-23 11:12:35,133   INFO  Not updated weight mm_backbone.stage_0.0.0.pos_emb_list.0.position_embedding_head.1.num_batches_tracked: torch.Size([])
2026-03-23 11:12:35,133   INFO  Not updated weight mm_backbone.stage_0.0.0.pos_emb_list.0.position_embedding_head.3.weight: torch.Size([128, 128])
2026-03-23 11:12:35,133   INFO  Not updated weight mm_backbone.stage_0.0.0.pos_emb_list.0.position_embedding_head.3.bias: torch.Size([128])
2026-03-23 11:12:35,133   INFO  Not updated weight mm_backbone.stage_0.0.0.pos_emb_list.1.position_embedding_head.0.weight: torch.Size([128, 2])
2026-03-23 11:12:35,133   INFO  Not updated weight mm_backbone.stage_0.0.0.pos_emb_list.1.position_embedding_head.0.bias: torch.Size([128])
2026-03-23 11:12:35,133   INFO  Not updated weight mm_backbone.stage_0.0.0.pos_emb_list.1.position_embedding_head.1.weight: torch.Size([128])
2026-03-23 11:12:35,133   INFO  Not updated weight mm_backbone.stage_0.0.0.pos_emb_list.1.position_embedding_head.1.bias: torch.Size([128])
2026-03-23 11:12:35,133   INFO  Not updated weight mm_backbone.stage_0.0.0.pos_emb_list.1.position_embedding_head.1.running_mean: torch.Size([128])
2026-03-23 11:12:35,133   INFO  Not updated weight mm_backbone.stage_0.0.0.pos_emb_list.1.position_embedding_head.1.running_var: torch.Size([128])
2026-03-23 11:12:35,133   INFO  Not updated weight mm_backbone.stage_0.0.0.pos_emb_list.1.position_embedding_head.1.num_batches_tracked: torch.Size([])
2026-03-23 11:12:35,133   INFO  Not updated weight mm_backbone.stage_0.0.0.pos_emb_list.1.position_embedding_head.3.weight: torch.Size([128, 128])
2026-03-23 11:12:35,133   INFO  Not updated weight mm_backbone.stage_0.0.0.pos_emb_list.1.position_embedding_head.3.bias: torch.Size([128])
2026-03-23 11:12:35,133   INFO  Not updated weight mm_backbone.stage_0.0.0.decoder.0.blocks.0.mamba.A_log: torch.Size([256, 16])
2026-03-23 11:12:35,133   INFO  Not updated weight mm_backbone.stage_0.0.0.decoder.0.blocks.0.mamba.D: torch.Size([256])
2026-03-23 11:12:35,133   INFO  Not updated weight mm_backbone.stage_0.0.0.decoder.0.blocks.0.mamba.in_proj.weight: torch.Size([512, 128])
2026-03-23 11:12:35,133   INFO  Not updated weight mm_backbone.stage_0.0.0.decoder.0.blocks.0.mamba.conv1d.weight: torch.Size([256, 1, 4])
2026-03-23 11:12:35,134   INFO  Not updated weight mm_backbone.stage_0.0.0.decoder.0.blocks.0.mamba.conv1d.bias: torch.Size([256])
2026-03-23 11:12:35,134   INFO  Not updated weight mm_backbone.stage_0.0.0.decoder.0.blocks.0.mamba.x_proj.weight: torch.Size([40, 256])
2026-03-23 11:12:35,134   INFO  Not updated weight mm_backbone.stage_0.0.0.decoder.0.blocks.0.mamba.dt_proj.weight: torch.Size([256, 8])
2026-03-23 11:12:35,134   INFO  Not updated weight mm_backbone.stage_0.0.0.decoder.0.blocks.0.mamba.dt_proj.bias: torch.Size([256])
2026-03-23 11:12:35,134   INFO  Not updated weight mm_backbone.stage_0.0.0.decoder.0.blocks.0.mamba.out_proj.weight: torch.Size([128, 256])
2026-03-23 11:12:35,134   INFO  Not updated weight mm_backbone.stage_0.0.0.decoder.0.blocks.0.norm.weight: torch.Size([128])
2026-03-23 11:12:35,134   INFO  Not updated weight mm_backbone.stage_0.0.0.decoder.0.blocks.0.norm.bias: torch.Size([128])
2026-03-23 11:12:35,134   INFO  Not updated weight mm_backbone.stage_0.0.0.decoder.0.blocks.1.mamba.A_log: torch.Size([256, 16])
2026-03-23 11:12:35,134   INFO  Not updated weight mm_backbone.stage_0.0.0.decoder.0.blocks.1.mamba.D: torch.Size([256])
2026-03-23 11:12:35,134   INFO  Not updated weight mm_backbone.stage_0.0.0.decoder.0.blocks.1.mamba.in_proj.weight: torch.Size([512, 128])
2026-03-23 11:12:35,134   INFO  Not updated weight mm_backbone.stage_0.0.0.decoder.0.blocks.1.mamba.conv1d.weight: torch.Size([256, 1, 4])
2026-03-23 11:12:35,134   INFO  Not updated weight mm_backbone.stage_0.0.0.decoder.0.blocks.1.mamba.conv1d.bias: torch.Size([256])
2026-03-23 11:12:35,134   INFO  Not updated weight mm_backbone.stage_0.0.0.decoder.0.blocks.1.mamba.x_proj.weight: torch.Size([40, 256])
2026-03-23 11:12:35,134   INFO  Not updated weight mm_backbone.stage_0.0.0.decoder.0.blocks.1.mamba.dt_proj.weight: torch.Size([256, 8])
2026-03-23 11:12:35,134   INFO  Not updated weight mm_backbone.stage_0.0.0.decoder.0.blocks.1.mamba.dt_proj.bias: torch.Size([256])
2026-03-23 11:12:35,134   INFO  Not updated weight mm_backbone.stage_0.0.0.decoder.0.blocks.1.mamba.out_proj.weight: torch.Size([128, 256])
2026-03-23 11:12:35,134   INFO  Not updated weight mm_backbone.stage_0.0.0.decoder.0.blocks.1.norm.weight: torch.Size([128])
2026-03-23 11:12:35,134   INFO  Not updated weight mm_backbone.stage_0.0.0.decoder.0.blocks.1.norm.bias: torch.Size([128])
2026-03-23 11:12:35,134   INFO  Not updated weight mm_backbone.stage_0.0.0.decoder.1.blocks.0.mamba.A_log: torch.Size([256, 16])
2026-03-23 11:12:35,134   INFO  Not updated weight mm_backbone.stage_0.0.0.decoder.1.blocks.0.mamba.D: torch.Size([256])
2026-03-23 11:12:35,134   INFO  Not updated weight mm_backbone.stage_0.0.0.decoder.1.blocks.0.mamba.in_proj.weight: torch.Size([512, 128])
2026-03-23 11:12:35,134   INFO  Not updated weight mm_backbone.stage_0.0.0.decoder.1.blocks.0.mamba.conv1d.weight: torch.Size([256, 1, 4])
2026-03-23 11:12:35,134   INFO  Not updated weight mm_backbone.stage_0.0.0.decoder.1.blocks.0.mamba.conv1d.bias: torch.Size([256])
2026-03-23 11:12:35,134   INFO  Not updated weight mm_backbone.stage_0.0.0.decoder.1.blocks.0.mamba.x_proj.weight: torch.Size([40, 256])
2026-03-23 11:12:35,134   INFO  Not updated weight mm_backbone.stage_0.0.0.decoder.1.blocks.0.mamba.dt_proj.weight: torch.Size([256, 8])
2026-03-23 11:12:35,134   INFO  Not updated weight mm_backbone.stage_0.0.0.decoder.1.blocks.0.mamba.dt_proj.bias: torch.Size([256])
2026-03-23 11:12:35,134   INFO  Not updated weight mm_backbone.stage_0.0.0.decoder.1.blocks.0.mamba.out_proj.weight: torch.Size([128, 256])
2026-03-23 11:12:35,134   INFO  Not updated weight mm_backbone.stage_0.0.0.decoder.1.blocks.0.norm.weight: torch.Size([128])
2026-03-23 11:12:35,134   INFO  Not updated weight mm_backbone.stage_0.0.0.decoder.1.blocks.0.norm.bias: torch.Size([128])
2026-03-23 11:12:35,134   INFO  Not updated weight mm_backbone.stage_0.0.0.decoder.1.blocks.1.mamba.A_log: torch.Size([256, 16])
2026-03-23 11:12:35,134   INFO  Not updated weight mm_backbone.stage_0.0.0.decoder.1.blocks.1.mamba.D: torch.Size([256])
2026-03-23 11:12:35,134   INFO  Not updated weight mm_backbone.stage_0.0.0.decoder.1.blocks.1.mamba.in_proj.weight: torch.Size([512, 128])
2026-03-23 11:12:35,134   INFO  Not updated weight mm_backbone.stage_0.0.0.decoder.1.blocks.1.mamba.conv1d.weight: torch.Size([256, 1, 4])
2026-03-23 11:12:35,134   INFO  Not updated weight mm_backbone.stage_0.0.0.decoder.1.blocks.1.mamba.conv1d.bias: torch.Size([256])
2026-03-23 11:12:35,135   INFO  Not updated weight mm_backbone.stage_0.0.0.decoder.1.blocks.1.mamba.x_proj.weight: torch.Size([40, 256])
2026-03-23 11:12:35,135   INFO  Not updated weight mm_backbone.stage_0.0.0.decoder.1.blocks.1.mamba.dt_proj.weight: torch.Size([256, 8])
2026-03-23 11:12:35,135   INFO  Not updated weight mm_backbone.stage_0.0.0.decoder.1.blocks.1.mamba.dt_proj.bias: torch.Size([256])
2026-03-23 11:12:35,135   INFO  Not updated weight mm_backbone.stage_0.0.0.decoder.1.blocks.1.mamba.out_proj.weight: torch.Size([128, 256])
2026-03-23 11:12:35,135   INFO  Not updated weight mm_backbone.stage_0.0.0.decoder.1.blocks.1.norm.weight: torch.Size([128])
2026-03-23 11:12:35,135   INFO  Not updated weight mm_backbone.stage_0.0.0.decoder.1.blocks.1.norm.bias: torch.Size([128])
2026-03-23 11:12:35,135   INFO  Not updated weight mm_backbone.stage_0.0.0.decoder_norm.0.weight: torch.Size([128])
2026-03-23 11:12:35,135   INFO  Not updated weight mm_backbone.stage_0.0.0.decoder_norm.0.bias: torch.Size([128])
2026-03-23 11:12:35,135   INFO  Not updated weight mm_backbone.stage_0.0.0.decoder_norm.1.weight: torch.Size([128])
2026-03-23 11:12:35,135   INFO  Not updated weight mm_backbone.stage_0.0.0.decoder_norm.1.bias: torch.Size([128])
2026-03-23 11:12:35,135   INFO  Not updated weight mm_backbone.stage_0.0.1.mamba_encoder_list.0.norm.weight: torch.Size([128])
2026-03-23 11:12:35,135   INFO  Not updated weight mm_backbone.stage_0.0.1.mamba_encoder_list.0.mixer.A_log: torch.Size([256, 16])
2026-03-23 11:12:35,135   INFO  Not updated weight mm_backbone.stage_0.0.1.mamba_encoder_list.0.mixer.D: torch.Size([256])
2026-03-23 11:12:35,135   INFO  Not updated weight mm_backbone.stage_0.0.1.mamba_encoder_list.0.mixer.in_proj.weight: torch.Size([512, 128])
2026-03-23 11:12:35,135   INFO  Not updated weight mm_backbone.stage_0.0.1.mamba_encoder_list.0.mixer.conv1d.weight: torch.Size([256, 1, 4])
2026-03-23 11:12:35,135   INFO  Not updated weight mm_backbone.stage_0.0.1.mamba_encoder_list.0.mixer.conv1d.bias: torch.Size([256])
2026-03-23 11:12:35,135   INFO  Not updated weight mm_backbone.stage_0.0.1.mamba_encoder_list.0.mixer.x_proj.weight: torch.Size([40, 256])
2026-03-23 11:12:35,135   INFO  Not updated weight mm_backbone.stage_0.0.1.mamba_encoder_list.0.mixer.dt_proj.weight: torch.Size([256, 8])
2026-03-23 11:12:35,135   INFO  Not updated weight mm_backbone.stage_0.0.1.mamba_encoder_list.0.mixer.dt_proj.bias: torch.Size([256])
2026-03-23 11:12:35,135   INFO  Not updated weight mm_backbone.stage_0.0.1.mamba_encoder_list.0.mixer.out_proj.weight: torch.Size([128, 256])
2026-03-23 11:12:35,135   INFO  Not updated weight mm_backbone.stage_0.0.1.mamba_encoder_list.1.norm.weight: torch.Size([128])
2026-03-23 11:12:35,136   INFO  Not updated weight mm_backbone.stage_0.0.1.mamba_encoder_list.1.mixer.A_log: torch.Size([256, 16])
2026-03-23 11:12:35,136   INFO  Not updated weight mm_backbone.stage_0.0.1.mamba_encoder_list.1.mixer.D: torch.Size([256])
2026-03-23 11:12:35,136   INFO  Not updated weight mm_backbone.stage_0.0.1.mamba_encoder_list.1.mixer.in_proj.weight: torch.Size([512, 128])
2026-03-23 11:12:35,136   INFO  Not updated weight mm_backbone.stage_0.0.1.mamba_encoder_list.1.mixer.conv1d.weight: torch.Size([256, 1, 4])
2026-03-23 11:12:35,136   INFO  Not updated weight mm_backbone.stage_0.0.1.mamba_encoder_list.1.mixer.conv1d.bias: torch.Size([256])
2026-03-23 11:12:35,136   INFO  Not updated weight mm_backbone.stage_0.0.1.mamba_encoder_list.1.mixer.x_proj.weight: torch.Size([40, 256])
2026-03-23 11:12:35,136   INFO  Not updated weight mm_backbone.stage_0.0.1.mamba_encoder_list.1.mixer.dt_proj.weight: torch.Size([256, 8])
2026-03-23 11:12:35,136   INFO  Not updated weight mm_backbone.stage_0.0.1.mamba_encoder_list.1.mixer.dt_proj.bias: torch.Size([256])
2026-03-23 11:12:35,137   INFO  Not updated weight mm_backbone.stage_0.0.1.mamba_encoder_list.1.mixer.out_proj.weight: torch.Size([128, 256])
2026-03-23 11:12:35,137   INFO  Not updated weight mm_backbone.stage_0.0.1.conv_encoder.1.blocks.0.0.weight: torch.Size([128, 3, 3, 3, 128])
2026-03-23 11:12:35,137   INFO  Not updated weight mm_backbone.stage_0.0.1.conv_encoder.1.blocks.0.1.weight: torch.Size([128])
2026-03-23 11:12:35,137   INFO  Not updated weight mm_backbone.stage_0.0.1.conv_encoder.1.blocks.0.1.bias: torch.Size([128])
2026-03-23 11:12:35,137   INFO  Not updated weight mm_backbone.stage_0.0.1.conv_encoder.1.blocks.0.1.running_mean: torch.Size([128])
2026-03-23 11:12:35,137   INFO  Not updated weight mm_backbone.stage_0.0.1.conv_encoder.1.blocks.0.1.running_var: torch.Size([128])
2026-03-23 11:12:35,137   INFO  Not updated weight mm_backbone.stage_0.0.1.conv_encoder.1.blocks.0.1.num_batches_tracked: torch.Size([])
2026-03-23 11:12:35,137   INFO  Not updated weight mm_backbone.stage_0.0.1.conv_encoder.1.blocks.1.conv1.weight: torch.Size([128, 3, 3, 3, 128])
2026-03-23 11:12:35,137   INFO  Not updated weight mm_backbone.stage_0.0.1.conv_encoder.1.blocks.1.conv1.bias: torch.Size([128])
2026-03-23 11:12:35,137   INFO  Not updated weight mm_backbone.stage_0.0.1.conv_encoder.1.blocks.1.bn1.weight: torch.Size([128])
2026-03-23 11:12:35,137   INFO  Not updated weight mm_backbone.stage_0.0.1.conv_encoder.1.blocks.1.bn1.bias: torch.Size([128])
2026-03-23 11:12:35,137   INFO  Not updated weight mm_backbone.stage_0.0.1.conv_encoder.1.blocks.1.bn1.running_mean: torch.Size([128])
2026-03-23 11:12:35,137   INFO  Not updated weight mm_backbone.stage_0.0.1.conv_encoder.1.blocks.1.bn1.running_var: torch.Size([128])
2026-03-23 11:12:35,137   INFO  Not updated weight mm_backbone.stage_0.0.1.conv_encoder.1.blocks.1.bn1.num_batches_tracked: torch.Size([])
2026-03-23 11:12:35,137   INFO  Not updated weight mm_backbone.stage_0.0.1.conv_decoder.0.0.weight: torch.Size([128, 3, 3, 3, 128])
2026-03-23 11:12:35,137   INFO  Not updated weight mm_backbone.stage_0.0.1.conv_decoder.0.1.weight: torch.Size([128])
2026-03-23 11:12:35,137   INFO  Not updated weight mm_backbone.stage_0.0.1.conv_decoder.0.1.bias: torch.Size([128])
2026-03-23 11:12:35,137   INFO  Not updated weight mm_backbone.stage_0.0.1.conv_decoder.0.1.running_mean: torch.Size([128])
2026-03-23 11:12:35,137   INFO  Not updated weight mm_backbone.stage_0.0.1.conv_decoder.0.1.running_var: torch.Size([128])
2026-03-23 11:12:35,137   INFO  Not updated weight mm_backbone.stage_0.0.1.conv_decoder.0.1.num_batches_tracked: torch.Size([])
2026-03-23 11:12:35,137   INFO  Not updated weight mm_backbone.stage_0.0.1.conv_decoder_norm.0.weight: torch.Size([128])
2026-03-23 11:12:35,137   INFO  Not updated weight mm_backbone.stage_0.0.1.conv_decoder_norm.0.bias: torch.Size([128])
2026-03-23 11:12:35,137   INFO  Not updated weight mm_backbone.stage_0.0.1.conv_decoder_norm.0.running_mean: torch.Size([128])
2026-03-23 11:12:35,137   INFO  Not updated weight mm_backbone.stage_0.0.1.conv_decoder_norm.0.running_var: torch.Size([128])
2026-03-23 11:12:35,137   INFO  Not updated weight mm_backbone.stage_0.0.1.conv_decoder_norm.0.num_batches_tracked: torch.Size([])
2026-03-23 11:12:35,137   INFO  Not updated weight mm_backbone.stage_0.0.1.norm.weight: torch.Size([128])
2026-03-23 11:12:35,137   INFO  Not updated weight mm_backbone.stage_0.0.1.norm.bias: torch.Size([128])
2026-03-23 11:12:35,137   INFO  Not updated weight mm_backbone.stage_0.0.1.norm_back.weight: torch.Size([128])
2026-03-23 11:12:35,137   INFO  Not updated weight mm_backbone.stage_0.0.1.norm_back.bias: torch.Size([128])
2026-03-23 11:12:35,137   INFO  Not updated weight mm_backbone.stage_0.1.0.encoder.0.blocks.0.mamba.A_log: torch.Size([256, 16])
2026-03-23 11:12:35,137   INFO  Not updated weight mm_backbone.stage_0.1.0.encoder.0.blocks.0.mamba.D: torch.Size([256])
2026-03-23 11:12:35,137   INFO  Not updated weight mm_backbone.stage_0.1.0.encoder.0.blocks.0.mamba.in_proj.weight: torch.Size([512, 128])
2026-03-23 11:12:35,138   INFO  Not updated weight mm_backbone.stage_0.1.0.encoder.0.blocks.0.mamba.conv1d.weight: torch.Size([256, 1, 4])
2026-03-23 11:12:35,138   INFO  Not updated weight mm_backbone.stage_0.1.0.encoder.0.blocks.0.mamba.conv1d.bias: torch.Size([256])
2026-03-23 11:12:35,138   INFO  Not updated weight mm_backbone.stage_0.1.0.encoder.0.blocks.0.mamba.x_proj.weight: torch.Size([40, 256])
2026-03-23 11:12:35,138   INFO  Not updated weight mm_backbone.stage_0.1.0.encoder.0.blocks.0.mamba.dt_proj.weight: torch.Size([256, 8])
2026-03-23 11:12:35,138   INFO  Not updated weight mm_backbone.stage_0.1.0.encoder.0.blocks.0.mamba.dt_proj.bias: torch.Size([256])
2026-03-23 11:12:35,138   INFO  Not updated weight mm_backbone.stage_0.1.0.encoder.0.blocks.0.mamba.out_proj.weight: torch.Size([128, 256])
2026-03-23 11:12:35,138   INFO  Not updated weight mm_backbone.stage_0.1.0.encoder.0.blocks.0.norm.weight: torch.Size([128])
2026-03-23 11:12:35,138   INFO  Not updated weight mm_backbone.stage_0.1.0.encoder.0.blocks.0.norm.bias: torch.Size([128])
2026-03-23 11:12:35,138   INFO  Not updated weight mm_backbone.stage_0.1.0.encoder.0.blocks.1.mamba.A_log: torch.Size([256, 16])
2026-03-23 11:12:35,138   INFO  Not updated weight mm_backbone.stage_0.1.0.encoder.0.blocks.1.mamba.D: torch.Size([256])
2026-03-23 11:12:35,138   INFO  Not updated weight mm_backbone.stage_0.1.0.encoder.0.blocks.1.mamba.in_proj.weight: torch.Size([512, 128])
2026-03-23 11:12:35,138   INFO  Not updated weight mm_backbone.stage_0.1.0.encoder.0.blocks.1.mamba.conv1d.weight: torch.Size([256, 1, 4])
2026-03-23 11:12:35,138   INFO  Not updated weight mm_backbone.stage_0.1.0.encoder.0.blocks.1.mamba.conv1d.bias: torch.Size([256])
2026-03-23 11:12:35,138   INFO  Not updated weight mm_backbone.stage_0.1.0.encoder.0.blocks.1.mamba.x_proj.weight: torch.Size([40, 256])
2026-03-23 11:12:35,138   INFO  Not updated weight mm_backbone.stage_0.1.0.encoder.0.blocks.1.mamba.dt_proj.weight: torch.Size([256, 8])
2026-03-23 11:12:35,138   INFO  Not updated weight mm_backbone.stage_0.1.0.encoder.0.blocks.1.mamba.dt_proj.bias: torch.Size([256])
2026-03-23 11:12:35,138   INFO  Not updated weight mm_backbone.stage_0.1.0.encoder.0.blocks.1.mamba.out_proj.weight: torch.Size([128, 256])
2026-03-23 11:12:35,138   INFO  Not updated weight mm_backbone.stage_0.1.0.encoder.0.blocks.1.norm.weight: torch.Size([128])
2026-03-23 11:12:35,138   INFO  Not updated weight mm_backbone.stage_0.1.0.encoder.0.blocks.1.norm.bias: torch.Size([128])
2026-03-23 11:12:35,138   INFO  Not updated weight mm_backbone.stage_0.1.0.encoder.1.blocks.0.mamba.A_log: torch.Size([256, 16])
2026-03-23 11:12:35,138   INFO  Not updated weight mm_backbone.stage_0.1.0.encoder.1.blocks.0.mamba.D: torch.Size([256])
2026-03-23 11:12:35,138   INFO  Not updated weight mm_backbone.stage_0.1.0.encoder.1.blocks.0.mamba.in_proj.weight: torch.Size([512, 128])
2026-03-23 11:12:35,138   INFO  Not updated weight mm_backbone.stage_0.1.0.encoder.1.blocks.0.mamba.conv1d.weight: torch.Size([256, 1, 4])
2026-03-23 11:12:35,138   INFO  Not updated weight mm_backbone.stage_0.1.0.encoder.1.blocks.0.mamba.conv1d.bias: torch.Size([256])
2026-03-23 11:12:35,138   INFO  Not updated weight mm_backbone.stage_0.1.0.encoder.1.blocks.0.mamba.x_proj.weight: torch.Size([40, 256])
2026-03-23 11:12:35,138   INFO  Not updated weight mm_backbone.stage_0.1.0.encoder.1.blocks.0.mamba.dt_proj.weight: torch.Size([256, 8])
2026-03-23 11:12:35,138   INFO  Not updated weight mm_backbone.stage_0.1.0.encoder.1.blocks.0.mamba.dt_proj.bias: torch.Size([256])
2026-03-23 11:12:35,138   INFO  Not updated weight mm_backbone.stage_0.1.0.encoder.1.blocks.0.mamba.out_proj.weight: torch.Size([128, 256])
2026-03-23 11:12:35,138   INFO  Not updated weight mm_backbone.stage_0.1.0.encoder.1.blocks.0.norm.weight: torch.Size([128])
2026-03-23 11:12:35,138   INFO  Not updated weight mm_backbone.stage_0.1.0.encoder.1.blocks.0.norm.bias: torch.Size([128])
2026-03-23 11:12:35,138   INFO  Not updated weight mm_backbone.stage_0.1.0.encoder.1.blocks.1.mamba.A_log: torch.Size([256, 16])
2026-03-23 11:12:35,138   INFO  Not updated weight mm_backbone.stage_0.1.0.encoder.1.blocks.1.mamba.D: torch.Size([256])
2026-03-23 11:12:35,138   INFO  Not updated weight mm_backbone.stage_0.1.0.encoder.1.blocks.1.mamba.in_proj.weight: torch.Size([512, 128])
2026-03-23 11:12:35,138   INFO  Not updated weight mm_backbone.stage_0.1.0.encoder.1.blocks.1.mamba.conv1d.weight: torch.Size([256, 1, 4])
2026-03-23 11:12:35,138   INFO  Not updated weight mm_backbone.stage_0.1.0.encoder.1.blocks.1.mamba.conv1d.bias: torch.Size([256])
2026-03-23 11:12:35,139   INFO  Not updated weight mm_backbone.stage_0.1.0.encoder.1.blocks.1.mamba.x_proj.weight: torch.Size([40, 256])
2026-03-23 11:12:35,139   INFO  Not updated weight mm_backbone.stage_0.1.0.encoder.1.blocks.1.mamba.dt_proj.weight: torch.Size([256, 8])
2026-03-23 11:12:35,139   INFO  Not updated weight mm_backbone.stage_0.1.0.encoder.1.blocks.1.mamba.dt_proj.bias: torch.Size([256])
2026-03-23 11:12:35,139   INFO  Not updated weight mm_backbone.stage_0.1.0.encoder.1.blocks.1.mamba.out_proj.weight: torch.Size([128, 256])
2026-03-23 11:12:35,139   INFO  Not updated weight mm_backbone.stage_0.1.0.encoder.1.blocks.1.norm.weight: torch.Size([128])
2026-03-23 11:12:35,139   INFO  Not updated weight mm_backbone.stage_0.1.0.encoder.1.blocks.1.norm.bias: torch.Size([128])
2026-03-23 11:12:35,139   INFO  Not updated weight mm_backbone.stage_0.1.0.downsample_list.0.sub_conv.0.weight: torch.Size([128, 3, 3, 3, 128])
2026-03-23 11:12:35,139   INFO  Not updated weight mm_backbone.stage_0.1.0.downsample_list.0.sub_conv.1.weight: torch.Size([128])
2026-03-23 11:12:35,139   INFO  Not updated weight mm_backbone.stage_0.1.0.downsample_list.0.sub_conv.1.bias: torch.Size([128])
2026-03-23 11:12:35,139   INFO  Not updated weight mm_backbone.stage_0.1.0.downsample_list.0.norm.weight: torch.Size([128])
2026-03-23 11:12:35,139   INFO  Not updated weight mm_backbone.stage_0.1.0.downsample_list.0.norm.bias: torch.Size([128])
2026-03-23 11:12:35,139   INFO  Not updated weight mm_backbone.stage_0.1.0.downsample_list.1.sub_conv.0.weight: torch.Size([128, 3, 3, 3, 128])
2026-03-23 11:12:35,139   INFO  Not updated weight mm_backbone.stage_0.1.0.downsample_list.1.sub_conv.1.weight: torch.Size([128])
2026-03-23 11:12:35,139   INFO  Not updated weight mm_backbone.stage_0.1.0.downsample_list.1.sub_conv.1.bias: torch.Size([128])
2026-03-23 11:12:35,139   INFO  Not updated weight mm_backbone.stage_0.1.0.downsample_list.1.norm.weight: torch.Size([128])
2026-03-23 11:12:35,139   INFO  Not updated weight mm_backbone.stage_0.1.0.downsample_list.1.norm.bias: torch.Size([128])
2026-03-23 11:12:35,139   INFO  Not updated weight mm_backbone.stage_0.1.0.pos_emb_list.0.position_embedding_head.0.weight: torch.Size([128, 2])
2026-03-23 11:12:35,139   INFO  Not updated weight mm_backbone.stage_0.1.0.pos_emb_list.0.position_embedding_head.0.bias: torch.Size([128])
2026-03-23 11:12:35,139   INFO  Not updated weight mm_backbone.stage_0.1.0.pos_emb_list.0.position_embedding_head.1.weight: torch.Size([128])
2026-03-23 11:12:35,139   INFO  Not updated weight mm_backbone.stage_0.1.0.pos_emb_list.0.position_embedding_head.1.bias: torch.Size([128])
2026-03-23 11:12:35,139   INFO  Not updated weight mm_backbone.stage_0.1.0.pos_emb_list.0.position_embedding_head.1.running_mean: torch.Size([128])
2026-03-23 11:12:35,139   INFO  Not updated weight mm_backbone.stage_0.1.0.pos_emb_list.0.position_embedding_head.1.running_var: torch.Size([128])
2026-03-23 11:12:35,139   INFO  Not updated weight mm_backbone.stage_0.1.0.pos_emb_list.0.position_embedding_head.1.num_batches_tracked: torch.Size([])
2026-03-23 11:12:35,139   INFO  Not updated weight mm_backbone.stage_0.1.0.pos_emb_list.0.position_embedding_head.3.weight: torch.Size([128, 128])
2026-03-23 11:12:35,139   INFO  Not updated weight mm_backbone.stage_0.1.0.pos_emb_list.0.position_embedding_head.3.bias: torch.Size([128])
2026-03-23 11:12:35,139   INFO  Not updated weight mm_backbone.stage_0.1.0.pos_emb_list.1.position_embedding_head.0.weight: torch.Size([128, 2])
2026-03-23 11:12:35,139   INFO  Not updated weight mm_backbone.stage_0.1.0.pos_emb_list.1.position_embedding_head.0.bias: torch.Size([128])
2026-03-23 11:12:35,139   INFO  Not updated weight mm_backbone.stage_0.1.0.pos_emb_list.1.position_embedding_head.1.weight: torch.Size([128])
2026-03-23 11:12:35,139   INFO  Not updated weight mm_backbone.stage_0.1.0.pos_emb_list.1.position_embedding_head.1.bias: torch.Size([128])
2026-03-23 11:12:35,139   INFO  Not updated weight mm_backbone.stage_0.1.0.pos_emb_list.1.position_embedding_head.1.running_mean: torch.Size([128])
2026-03-23 11:12:35,140   INFO  Not updated weight mm_backbone.stage_0.1.0.pos_emb_list.1.position_embedding_head.1.running_var: torch.Size([128])
2026-03-23 11:12:35,140   INFO  Not updated weight mm_backbone.stage_0.1.0.pos_emb_list.1.position_embedding_head.1.num_batches_tracked: torch.Size([])
2026-03-23 11:12:35,140   INFO  Not updated weight mm_backbone.stage_0.1.0.pos_emb_list.1.position_embedding_head.3.weight: torch.Size([128, 128])
2026-03-23 11:12:35,140   INFO  Not updated weight mm_backbone.stage_0.1.0.pos_emb_list.1.position_embedding_head.3.bias: torch.Size([128])
2026-03-23 11:12:35,140   INFO  Not updated weight mm_backbone.stage_0.1.0.decoder.0.blocks.0.mamba.A_log: torch.Size([256, 16])
2026-03-23 11:12:35,140   INFO  Not updated weight mm_backbone.stage_0.1.0.decoder.0.blocks.0.mamba.D: torch.Size([256])
2026-03-23 11:12:35,140   INFO  Not updated weight mm_backbone.stage_0.1.0.decoder.0.blocks.0.mamba.in_proj.weight: torch.Size([512, 128])
2026-03-23 11:12:35,140   INFO  Not updated weight mm_backbone.stage_0.1.0.decoder.0.blocks.0.mamba.conv1d.weight: torch.Size([256, 1, 4])
2026-03-23 11:12:35,140   INFO  Not updated weight mm_backbone.stage_0.1.0.decoder.0.blocks.0.mamba.conv1d.bias: torch.Size([256])
2026-03-23 11:12:35,140   INFO  Not updated weight mm_backbone.stage_0.1.0.decoder.0.blocks.0.mamba.x_proj.weight: torch.Size([40, 256])
2026-03-23 11:12:35,140   INFO  Not updated weight mm_backbone.stage_0.1.0.decoder.0.blocks.0.mamba.dt_proj.weight: torch.Size([256, 8])
2026-03-23 11:12:35,140   INFO  Not updated weight mm_backbone.stage_0.1.0.decoder.0.blocks.0.mamba.dt_proj.bias: torch.Size([256])
2026-03-23 11:12:35,140   INFO  Not updated weight mm_backbone.stage_0.1.0.decoder.0.blocks.0.mamba.out_proj.weight: torch.Size([128, 256])
2026-03-23 11:12:35,140   INFO  Not updated weight mm_backbone.stage_0.1.0.decoder.0.blocks.0.norm.weight: torch.Size([128])
2026-03-23 11:12:35,140   INFO  Not updated weight mm_backbone.stage_0.1.0.decoder.0.blocks.0.norm.bias: torch.Size([128])
2026-03-23 11:12:35,140   INFO  Not updated weight mm_backbone.stage_0.1.0.decoder.0.blocks.1.mamba.A_log: torch.Size([256, 16])
2026-03-23 11:12:35,140   INFO  Not updated weight mm_backbone.stage_0.1.0.decoder.0.blocks.1.mamba.D: torch.Size([256])
2026-03-23 11:12:35,140   INFO  Not updated weight mm_backbone.stage_0.1.0.decoder.0.blocks.1.mamba.in_proj.weight: torch.Size([512, 128])
2026-03-23 11:12:35,140   INFO  Not updated weight mm_backbone.stage_0.1.0.decoder.0.blocks.1.mamba.conv1d.weight: torch.Size([256, 1, 4])
2026-03-23 11:12:35,140   INFO  Not updated weight mm_backbone.stage_0.1.0.decoder.0.blocks.1.mamba.conv1d.bias: torch.Size([256])
2026-03-23 11:12:35,140   INFO  Not updated weight mm_backbone.stage_0.1.0.decoder.0.blocks.1.mamba.x_proj.weight: torch.Size([40, 256])
2026-03-23 11:12:35,140   INFO  Not updated weight mm_backbone.stage_0.1.0.decoder.0.blocks.1.mamba.dt_proj.weight: torch.Size([256, 8])
2026-03-23 11:12:35,140   INFO  Not updated weight mm_backbone.stage_0.1.0.decoder.0.blocks.1.mamba.dt_proj.bias: torch.Size([256])
2026-03-23 11:12:35,140   INFO  Not updated weight mm_backbone.stage_0.1.0.decoder.0.blocks.1.mamba.out_proj.weight: torch.Size([128, 256])
2026-03-23 11:12:35,140   INFO  Not updated weight mm_backbone.stage_0.1.0.decoder.0.blocks.1.norm.weight: torch.Size([128])
2026-03-23 11:12:35,140   INFO  Not updated weight mm_backbone.stage_0.1.0.decoder.0.blocks.1.norm.bias: torch.Size([128])
2026-03-23 11:12:35,140   INFO  Not updated weight mm_backbone.stage_0.1.0.decoder.1.blocks.0.mamba.A_log: torch.Size([256, 16])
2026-03-23 11:12:35,140   INFO  Not updated weight mm_backbone.stage_0.1.0.decoder.1.blocks.0.mamba.D: torch.Size([256])
2026-03-23 11:12:35,140   INFO  Not updated weight mm_backbone.stage_0.1.0.decoder.1.blocks.0.mamba.in_proj.weight: torch.Size([512, 128])
2026-03-23 11:12:35,140   INFO  Not updated weight mm_backbone.stage_0.1.0.decoder.1.blocks.0.mamba.conv1d.weight: torch.Size([256, 1, 4])
2026-03-23 11:12:35,140   INFO  Not updated weight mm_backbone.stage_0.1.0.decoder.1.blocks.0.mamba.conv1d.bias: torch.Size([256])
2026-03-23 11:12:35,140   INFO  Not updated weight mm_backbone.stage_0.1.0.decoder.1.blocks.0.mamba.x_proj.weight: torch.Size([40, 256])
2026-03-23 11:12:35,140   INFO  Not updated weight mm_backbone.stage_0.1.0.decoder.1.blocks.0.mamba.dt_proj.weight: torch.Size([256, 8])
2026-03-23 11:12:35,140   INFO  Not updated weight mm_backbone.stage_0.1.0.decoder.1.blocks.0.mamba.dt_proj.bias: torch.Size([256])
2026-03-23 11:12:35,141   INFO  Not updated weight mm_backbone.stage_0.1.0.decoder.1.blocks.0.mamba.out_proj.weight: torch.Size([128, 256])
2026-03-23 11:12:35,141   INFO  Not updated weight mm_backbone.stage_0.1.0.decoder.1.blocks.0.norm.weight: torch.Size([128])
2026-03-23 11:12:35,141   INFO  Not updated weight mm_backbone.stage_0.1.0.decoder.1.blocks.0.norm.bias: torch.Size([128])
2026-03-23 11:12:35,141   INFO  Not updated weight mm_backbone.stage_0.1.0.decoder.1.blocks.1.mamba.A_log: torch.Size([256, 16])
2026-03-23 11:12:35,141   INFO  Not updated weight mm_backbone.stage_0.1.0.decoder.1.blocks.1.mamba.D: torch.Size([256])
2026-03-23 11:12:35,141   INFO  Not updated weight mm_backbone.stage_0.1.0.decoder.1.blocks.1.mamba.in_proj.weight: torch.Size([512, 128])
2026-03-23 11:12:35,141   INFO  Not updated weight mm_backbone.stage_0.1.0.decoder.1.blocks.1.mamba.conv1d.weight: torch.Size([256, 1, 4])
2026-03-23 11:12:35,141   INFO  Not updated weight mm_backbone.stage_0.1.0.decoder.1.blocks.1.mamba.conv1d.bias: torch.Size([256])
2026-03-23 11:12:35,141   INFO  Not updated weight mm_backbone.stage_0.1.0.decoder.1.blocks.1.mamba.x_proj.weight: torch.Size([40, 256])
2026-03-23 11:12:35,141   INFO  Not updated weight mm_backbone.stage_0.1.0.decoder.1.blocks.1.mamba.dt_proj.weight: torch.Size([256, 8])
2026-03-23 11:12:35,141   INFO  Not updated weight mm_backbone.stage_0.1.0.decoder.1.blocks.1.mamba.dt_proj.bias: torch.Size([256])
2026-03-23 11:12:35,141   INFO  Not updated weight mm_backbone.stage_0.1.0.decoder.1.blocks.1.mamba.out_proj.weight: torch.Size([128, 256])
2026-03-23 11:12:35,141   INFO  Not updated weight mm_backbone.stage_0.1.0.decoder.1.blocks.1.norm.weight: torch.Size([128])
2026-03-23 11:12:35,141   INFO  Not updated weight mm_backbone.stage_0.1.0.decoder.1.blocks.1.norm.bias: torch.Size([128])
2026-03-23 11:12:35,141   INFO  Not updated weight mm_backbone.stage_0.1.0.decoder_norm.0.weight: torch.Size([128])
2026-03-23 11:12:35,141   INFO  Not updated weight mm_backbone.stage_0.1.0.decoder_norm.0.bias: torch.Size([128])
2026-03-23 11:12:35,141   INFO  Not updated weight mm_backbone.stage_0.1.0.decoder_norm.1.weight: torch.Size([128])
2026-03-23 11:12:35,141   INFO  Not updated weight mm_backbone.stage_0.1.0.decoder_norm.1.bias: torch.Size([128])
2026-03-23 11:12:35,141   INFO  Not updated weight mm_backbone.stage_0.1.1.mamba_encoder_list.0.norm.weight: torch.Size([128])
2026-03-23 11:12:35,141   INFO  Not updated weight mm_backbone.stage_0.1.1.mamba_encoder_list.0.mixer.A_log: torch.Size([256, 16])
2026-03-23 11:12:35,141   INFO  Not updated weight mm_backbone.stage_0.1.1.mamba_encoder_list.0.mixer.D: torch.Size([256])
2026-03-23 11:12:35,141   INFO  Not updated weight mm_backbone.stage_0.1.1.mamba_encoder_list.0.mixer.in_proj.weight: torch.Size([512, 128])
2026-03-23 11:12:35,141   INFO  Not updated weight mm_backbone.stage_0.1.1.mamba_encoder_list.0.mixer.conv1d.weight: torch.Size([256, 1, 4])
2026-03-23 11:12:35,141   INFO  Not updated weight mm_backbone.stage_0.1.1.mamba_encoder_list.0.mixer.conv1d.bias: torch.Size([256])
2026-03-23 11:12:35,141   INFO  Not updated weight mm_backbone.stage_0.1.1.mamba_encoder_list.0.mixer.x_proj.weight: torch.Size([40, 256])
2026-03-23 11:12:35,141   INFO  Not updated weight mm_backbone.stage_0.1.1.mamba_encoder_list.0.mixer.dt_proj.weight: torch.Size([256, 8])
2026-03-23 11:12:35,141   INFO  Not updated weight mm_backbone.stage_0.1.1.mamba_encoder_list.0.mixer.dt_proj.bias: torch.Size([256])
2026-03-23 11:12:35,141   INFO  Not updated weight mm_backbone.stage_0.1.1.mamba_encoder_list.0.mixer.out_proj.weight: torch.Size([128, 256])
2026-03-23 11:12:35,141   INFO  Not updated weight mm_backbone.stage_0.1.1.mamba_encoder_list.1.norm.weight: torch.Size([128])
2026-03-23 11:12:35,141   INFO  Not updated weight mm_backbone.stage_0.1.1.mamba_encoder_list.1.mixer.A_log: torch.Size([256, 16])
2026-03-23 11:12:35,141   INFO  Not updated weight mm_backbone.stage_0.1.1.mamba_encoder_list.1.mixer.D: torch.Size([256])
2026-03-23 11:12:35,141   INFO  Not updated weight mm_backbone.stage_0.1.1.mamba_encoder_list.1.mixer.in_proj.weight: torch.Size([512, 128])
2026-03-23 11:12:35,141   INFO  Not updated weight mm_backbone.stage_0.1.1.mamba_encoder_list.1.mixer.conv1d.weight: torch.Size([256, 1, 4])
2026-03-23 11:12:35,141   INFO  Not updated weight mm_backbone.stage_0.1.1.mamba_encoder_list.1.mixer.conv1d.bias: torch.Size([256])
2026-03-23 11:12:35,142   INFO  Not updated weight mm_backbone.stage_0.1.1.mamba_encoder_list.1.mixer.x_proj.weight: torch.Size([40, 256])
2026-03-23 11:12:35,142   INFO  Not updated weight mm_backbone.stage_0.1.1.mamba_encoder_list.1.mixer.dt_proj.weight: torch.Size([256, 8])
2026-03-23 11:12:35,142   INFO  Not updated weight mm_backbone.stage_0.1.1.mamba_encoder_list.1.mixer.dt_proj.bias: torch.Size([256])
2026-03-23 11:12:35,142   INFO  Not updated weight mm_backbone.stage_0.1.1.mamba_encoder_list.1.mixer.out_proj.weight: torch.Size([128, 256])
2026-03-23 11:12:35,142   INFO  Not updated weight mm_backbone.stage_0.1.1.conv_encoder.1.blocks.0.0.weight: torch.Size([128, 3, 3, 3, 128])
2026-03-23 11:12:35,142   INFO  Not updated weight mm_backbone.stage_0.1.1.conv_encoder.1.blocks.0.1.weight: torch.Size([128])
2026-03-23 11:12:35,142   INFO  Not updated weight mm_backbone.stage_0.1.1.conv_encoder.1.blocks.0.1.bias: torch.Size([128])
2026-03-23 11:12:35,142   INFO  Not updated weight mm_backbone.stage_0.1.1.conv_encoder.1.blocks.0.1.running_mean: torch.Size([128])
2026-03-23 11:12:35,142   INFO  Not updated weight mm_backbone.stage_0.1.1.conv_encoder.1.blocks.0.1.running_var: torch.Size([128])
2026-03-23 11:12:35,142   INFO  Not updated weight mm_backbone.stage_0.1.1.conv_encoder.1.blocks.0.1.num_batches_tracked: torch.Size([])
2026-03-23 11:12:35,142   INFO  Not updated weight mm_backbone.stage_0.1.1.conv_encoder.1.blocks.1.conv1.weight: torch.Size([128, 3, 3, 3, 128])
2026-03-23 11:12:35,142   INFO  Not updated weight mm_backbone.stage_0.1.1.conv_encoder.1.blocks.1.conv1.bias: torch.Size([128])
2026-03-23 11:12:35,142   INFO  Not updated weight mm_backbone.stage_0.1.1.conv_encoder.1.blocks.1.bn1.weight: torch.Size([128])
2026-03-23 11:12:35,142   INFO  Not updated weight mm_backbone.stage_0.1.1.conv_encoder.1.blocks.1.bn1.bias: torch.Size([128])
2026-03-23 11:12:35,142   INFO  Not updated weight mm_backbone.stage_0.1.1.conv_encoder.1.blocks.1.bn1.running_mean: torch.Size([128])
2026-03-23 11:12:35,142   INFO  Not updated weight mm_backbone.stage_0.1.1.conv_encoder.1.blocks.1.bn1.running_var: torch.Size([128])
2026-03-23 11:12:35,142   INFO  Not updated weight mm_backbone.stage_0.1.1.conv_encoder.1.blocks.1.bn1.num_batches_tracked: torch.Size([])
2026-03-23 11:12:35,142   INFO  Not updated weight mm_backbone.stage_0.1.1.conv_decoder.0.0.weight: torch.Size([128, 3, 3, 3, 128])
2026-03-23 11:12:35,142   INFO  Not updated weight mm_backbone.stage_0.1.1.conv_decoder.0.1.weight: torch.Size([128])
2026-03-23 11:12:35,142   INFO  Not updated weight mm_backbone.stage_0.1.1.conv_decoder.0.1.bias: torch.Size([128])
2026-03-23 11:12:35,142   INFO  Not updated weight mm_backbone.stage_0.1.1.conv_decoder.0.1.running_mean: torch.Size([128])
2026-03-23 11:12:35,142   INFO  Not updated weight mm_backbone.stage_0.1.1.conv_decoder.0.1.running_var: torch.Size([128])
2026-03-23 11:12:35,142   INFO  Not updated weight mm_backbone.stage_0.1.1.conv_decoder.0.1.num_batches_tracked: torch.Size([])
2026-03-23 11:12:35,142   INFO  Not updated weight mm_backbone.stage_0.1.1.conv_decoder_norm.0.weight: torch.Size([128])
2026-03-23 11:12:35,142   INFO  Not updated weight mm_backbone.stage_0.1.1.conv_decoder_norm.0.bias: torch.Size([128])
2026-03-23 11:12:35,142   INFO  Not updated weight mm_backbone.stage_0.1.1.conv_decoder_norm.0.running_mean: torch.Size([128])
2026-03-23 11:12:35,142   INFO  Not updated weight mm_backbone.stage_0.1.1.conv_decoder_norm.0.running_var: torch.Size([128])
2026-03-23 11:12:35,142   INFO  Not updated weight mm_backbone.stage_0.1.1.conv_decoder_norm.0.num_batches_tracked: torch.Size([])
2026-03-23 11:12:35,142   INFO  Not updated weight mm_backbone.stage_0.1.1.norm.weight: torch.Size([128])
2026-03-23 11:12:35,142   INFO  Not updated weight mm_backbone.stage_0.1.1.norm.bias: torch.Size([128])
2026-03-23 11:12:35,142   INFO  Not updated weight mm_backbone.stage_0.1.1.norm_back.weight: torch.Size([128])
2026-03-23 11:12:35,142   INFO  Not updated weight mm_backbone.stage_0.1.1.norm_back.bias: torch.Size([128])
2026-03-23 11:12:35,142   INFO  Not updated weight mm_backbone.lidar_residual_norm_stage_0.0.weight: torch.Size([128])
2026-03-23 11:12:35,142   INFO  Not updated weight mm_backbone.lidar_residual_norm_stage_0.0.bias: torch.Size([128])
2026-03-23 11:12:35,143   INFO  Not updated weight mm_backbone.lidar_residual_norm_stage_0.1.weight: torch.Size([128])
2026-03-23 11:12:35,143   INFO  Not updated weight mm_backbone.lidar_residual_norm_stage_0.1.bias: torch.Size([128])
2026-03-23 11:12:35,143   INFO  Not updated weight neck.lateral_convs.0.conv.weight: torch.Size([256, 256, 1, 1])
2026-03-23 11:12:35,143   INFO  Not updated weight neck.lateral_convs.0.bn.weight: torch.Size([256])
2026-03-23 11:12:35,143   INFO  Not updated weight neck.lateral_convs.0.bn.bias: torch.Size([256])
2026-03-23 11:12:35,143   INFO  Not updated weight neck.lateral_convs.0.bn.running_mean: torch.Size([256])
2026-03-23 11:12:35,143   INFO  Not updated weight neck.lateral_convs.0.bn.running_var: torch.Size([256])
2026-03-23 11:12:35,143   INFO  Not updated weight neck.lateral_convs.0.bn.num_batches_tracked: torch.Size([])
2026-03-23 11:12:35,143   INFO  Not updated weight neck.fpn_convs.0.bn.weight: torch.Size([256])
2026-03-23 11:12:35,143   INFO  Not updated weight neck.fpn_convs.0.bn.bias: torch.Size([256])
2026-03-23 11:12:35,143   INFO  Not updated weight neck.fpn_convs.0.bn.running_mean: torch.Size([256])
2026-03-23 11:12:35,143   INFO  Not updated weight neck.fpn_convs.0.bn.running_var: torch.Size([256])
2026-03-23 11:12:35,143   INFO  Not updated weight neck.fpn_convs.0.bn.num_batches_tracked: torch.Size([])
2026-03-23 11:12:35,143   INFO  Not updated weight vtransform.dx: torch.Size([3])
2026-03-23 11:12:35,143   INFO  Not updated weight vtransform.bx: torch.Size([3])
2026-03-23 11:12:35,143   INFO  Not updated weight vtransform.nx: torch.Size([3])
2026-03-23 11:12:35,143   INFO  Not updated weight vtransform.frustum: torch.Size([118, 32, 88, 3])
2026-03-23 11:12:35,143   INFO  Not updated weight vtransform.mamba_layernorm.weight: torch.Size([80])
2026-03-23 11:12:35,143   INFO  Not updated weight vtransform.mamba_layernorm.bias: torch.Size([80])
2026-03-23 11:12:35,143   INFO  Not updated weight vtransform.mamba_layernorm2.weight: torch.Size([128])
2026-03-23 11:12:35,143   INFO  Not updated weight vtransform.mamba_layernorm2.bias: torch.Size([128])
2026-03-23 11:12:35,143   INFO  Not updated weight vtransform.mamba_blocks.0.mamba_encoder_list.0.norm.weight: torch.Size([128])
2026-03-23 11:12:35,143   INFO  Not updated weight vtransform.mamba_blocks.0.mamba_encoder_list.0.mixer.A_log: torch.Size([256, 16])
2026-03-23 11:12:35,143   INFO  Not updated weight vtransform.mamba_blocks.0.mamba_encoder_list.0.mixer.D: torch.Size([256])
2026-03-23 11:12:35,143   INFO  Not updated weight vtransform.mamba_blocks.0.mamba_encoder_list.0.mixer.in_proj.weight: torch.Size([512, 128])
2026-03-23 11:12:35,143   INFO  Not updated weight vtransform.mamba_blocks.0.mamba_encoder_list.0.mixer.conv1d.weight: torch.Size([256, 1, 4])
2026-03-23 11:12:35,143   INFO  Not updated weight vtransform.mamba_blocks.0.mamba_encoder_list.0.mixer.conv1d.bias: torch.Size([256])
2026-03-23 11:12:35,143   INFO  Not updated weight vtransform.mamba_blocks.0.mamba_encoder_list.0.mixer.x_proj.weight: torch.Size([40, 256])
2026-03-23 11:12:35,143   INFO  Not updated weight vtransform.mamba_blocks.0.mamba_encoder_list.0.mixer.dt_proj.weight: torch.Size([256, 8])
2026-03-23 11:12:35,143   INFO  Not updated weight vtransform.mamba_blocks.0.mamba_encoder_list.0.mixer.dt_proj.bias: torch.Size([256])
2026-03-23 11:12:35,143   INFO  Not updated weight vtransform.mamba_blocks.0.mamba_encoder_list.0.mixer.out_proj.weight: torch.Size([128, 256])
2026-03-23 11:12:35,143   INFO  Not updated weight vtransform.mamba_blocks.0.mamba_encoder_list.1.norm.weight: torch.Size([128])
2026-03-23 11:12:35,143   INFO  Not updated weight vtransform.mamba_blocks.0.mamba_encoder_list.1.mixer.A_log: torch.Size([256, 16])
2026-03-23 11:12:35,143   INFO  Not updated weight vtransform.mamba_blocks.0.mamba_encoder_list.1.mixer.D: torch.Size([256])
2026-03-23 11:12:35,144   INFO  Not updated weight vtransform.mamba_blocks.0.mamba_encoder_list.1.mixer.in_proj.weight: torch.Size([512, 128])
2026-03-23 11:12:35,144   INFO  Not updated weight vtransform.mamba_blocks.0.mamba_encoder_list.1.mixer.conv1d.weight: torch.Size([256, 1, 4])
2026-03-23 11:12:35,144   INFO  Not updated weight vtransform.mamba_blocks.0.mamba_encoder_list.1.mixer.conv1d.bias: torch.Size([256])
2026-03-23 11:12:35,144   INFO  Not updated weight vtransform.mamba_blocks.0.mamba_encoder_list.1.mixer.x_proj.weight: torch.Size([40, 256])
2026-03-23 11:12:35,144   INFO  Not updated weight vtransform.mamba_blocks.0.mamba_encoder_list.1.mixer.dt_proj.weight: torch.Size([256, 8])
2026-03-23 11:12:35,144   INFO  Not updated weight vtransform.mamba_blocks.0.mamba_encoder_list.1.mixer.dt_proj.bias: torch.Size([256])
2026-03-23 11:12:35,144   INFO  Not updated weight vtransform.mamba_blocks.0.mamba_encoder_list.1.mixer.out_proj.weight: torch.Size([128, 256])
2026-03-23 11:12:35,144   INFO  Not updated weight vtransform.mamba_blocks.0.conv_encoder.1.blocks.0.0.weight: torch.Size([128, 3, 3, 3, 128])
2026-03-23 11:12:35,144   INFO  Not updated weight vtransform.mamba_blocks.0.conv_encoder.1.blocks.0.1.weight: torch.Size([128])
2026-03-23 11:12:35,144   INFO  Not updated weight vtransform.mamba_blocks.0.conv_encoder.1.blocks.0.1.bias: torch.Size([128])
2026-03-23 11:12:35,144   INFO  Not updated weight vtransform.mamba_blocks.0.conv_encoder.1.blocks.0.1.running_mean: torch.Size([128])
2026-03-23 11:12:35,144   INFO  Not updated weight vtransform.mamba_blocks.0.conv_encoder.1.blocks.0.1.running_var: torch.Size([128])
2026-03-23 11:12:35,144   INFO  Not updated weight vtransform.mamba_blocks.0.conv_encoder.1.blocks.0.1.num_batches_tracked: torch.Size([])
2026-03-23 11:12:35,144   INFO  Not updated weight vtransform.mamba_blocks.0.conv_encoder.1.blocks.1.conv1.weight: torch.Size([128, 3, 3, 3, 128])
2026-03-23 11:12:35,144   INFO  Not updated weight vtransform.mamba_blocks.0.conv_encoder.1.blocks.1.conv1.bias: torch.Size([128])
2026-03-23 11:12:35,144   INFO  Not updated weight vtransform.mamba_blocks.0.conv_encoder.1.blocks.1.bn1.weight: torch.Size([128])
2026-03-23 11:12:35,144   INFO  Not updated weight vtransform.mamba_blocks.0.conv_encoder.1.blocks.1.bn1.bias: torch.Size([128])
2026-03-23 11:12:35,144   INFO  Not updated weight vtransform.mamba_blocks.0.conv_encoder.1.blocks.1.bn1.running_mean: torch.Size([128])
2026-03-23 11:12:35,144   INFO  Not updated weight vtransform.mamba_blocks.0.conv_encoder.1.blocks.1.bn1.running_var: torch.Size([128])
2026-03-23 11:12:35,144   INFO  Not updated weight vtransform.mamba_blocks.0.conv_encoder.1.blocks.1.bn1.num_batches_tracked: torch.Size([])
2026-03-23 11:12:35,144   INFO  Not updated weight vtransform.mamba_blocks.0.conv_decoder.0.0.weight: torch.Size([128, 3, 3, 3, 128])
2026-03-23 11:12:35,144   INFO  Not updated weight vtransform.mamba_blocks.0.conv_decoder.0.1.weight: torch.Size([128])
2026-03-23 11:12:35,144   INFO  Not updated weight vtransform.mamba_blocks.0.conv_decoder.0.1.bias: torch.Size([128])
2026-03-23 11:12:35,144   INFO  Not updated weight vtransform.mamba_blocks.0.conv_decoder.0.1.running_mean: torch.Size([128])
2026-03-23 11:12:35,144   INFO  Not updated weight vtransform.mamba_blocks.0.conv_decoder.0.1.running_var: torch.Size([128])
2026-03-23 11:12:35,144   INFO  Not updated weight vtransform.mamba_blocks.0.conv_decoder.0.1.num_batches_tracked: torch.Size([])
2026-03-23 11:12:35,144   INFO  Not updated weight vtransform.mamba_blocks.0.conv_decoder_norm.0.weight: torch.Size([128])
2026-03-23 11:12:35,144   INFO  Not updated weight vtransform.mamba_blocks.0.conv_decoder_norm.0.bias: torch.Size([128])
2026-03-23 11:12:35,144   INFO  Not updated weight vtransform.mamba_blocks.0.conv_decoder_norm.0.running_mean: torch.Size([128])
2026-03-23 11:12:35,144   INFO  Not updated weight vtransform.mamba_blocks.0.conv_decoder_norm.0.running_var: torch.Size([128])
2026-03-23 11:12:35,144   INFO  Not updated weight vtransform.mamba_blocks.0.conv_decoder_norm.0.num_batches_tracked: torch.Size([])
2026-03-23 11:12:35,144   INFO  Not updated weight vtransform.mamba_blocks.0.norm.weight: torch.Size([128])
2026-03-23 11:12:35,144   INFO  Not updated weight vtransform.mamba_blocks.0.norm.bias: torch.Size([128])
2026-03-23 11:12:35,145   INFO  Not updated weight vtransform.mamba_blocks.0.norm_back.weight: torch.Size([128])
2026-03-23 11:12:35,145   INFO  Not updated weight vtransform.mamba_blocks.0.norm_back.bias: torch.Size([128])
2026-03-23 11:12:35,145   INFO  Not updated weight vtransform.sub_dim.0.weight: torch.Size([80, 128, 3, 3])
2026-03-23 11:12:35,145   INFO  Not updated weight vtransform.sub_dim.1.weight: torch.Size([80])
2026-03-23 11:12:35,145   INFO  Not updated weight vtransform.sub_dim.1.bias: torch.Size([80])
2026-03-23 11:12:35,145   INFO  Not updated weight vtransform.sub_dim.1.running_mean: torch.Size([80])
2026-03-23 11:12:35,145   INFO  Not updated weight vtransform.sub_dim.1.running_var: torch.Size([80])
2026-03-23 11:12:35,145   INFO  Not updated weight vtransform.sub_dim.1.num_batches_tracked: torch.Size([])
2026-03-23 11:12:35,145   INFO  Not updated weight vtransform.sub_dim.3.weight: torch.Size([80, 80, 3, 3])
2026-03-23 11:12:35,145   INFO  Not updated weight vtransform.sub_dim.4.weight: torch.Size([80])
2026-03-23 11:12:35,145   INFO  Not updated weight vtransform.sub_dim.4.bias: torch.Size([80])
2026-03-23 11:12:35,145   INFO  Not updated weight vtransform.sub_dim.4.running_mean: torch.Size([80])
2026-03-23 11:12:35,145   INFO  Not updated weight vtransform.sub_dim.4.running_var: torch.Size([80])
2026-03-23 11:12:35,145   INFO  Not updated weight vtransform.sub_dim.4.num_batches_tracked: torch.Size([])
2026-03-23 11:12:35,145   INFO  Not updated weight vtransform.pos_embed_inter.0.weight: torch.Size([128, 9])
2026-03-23 11:12:35,145   INFO  Not updated weight vtransform.pos_embed_inter.0.bias: torch.Size([128])
2026-03-23 11:12:35,145   INFO  Not updated weight vtransform.pos_embed_inter.1.weight: torch.Size([128])
2026-03-23 11:12:35,145   INFO  Not updated weight vtransform.pos_embed_inter.1.bias: torch.Size([128])
2026-03-23 11:12:35,145   INFO  Not updated weight vtransform.pos_embed_inter.1.running_mean: torch.Size([128])
2026-03-23 11:12:35,145   INFO  Not updated weight vtransform.pos_embed_inter.1.running_var: torch.Size([128])
2026-03-23 11:12:35,145   INFO  Not updated weight vtransform.pos_embed_inter.1.num_batches_tracked: torch.Size([])
2026-03-23 11:12:35,145   INFO  Not updated weight vtransform.pos_embed_inter.3.weight: torch.Size([128, 128])
2026-03-23 11:12:35,145   INFO  Not updated weight vtransform.pos_embed_inter.3.bias: torch.Size([128])
2026-03-23 11:12:35,145   INFO  Not updated weight vtransform.mamba_downsample.0.weight: torch.Size([128, 80, 3, 3])
2026-03-23 11:12:35,145   INFO  Not updated weight vtransform.mamba_downsample.1.weight: torch.Size([128])
2026-03-23 11:12:35,145   INFO  Not updated weight vtransform.mamba_downsample.1.bias: torch.Size([128])
2026-03-23 11:12:35,145   INFO  Not updated weight vtransform.mamba_downsample.1.running_mean: torch.Size([128])
2026-03-23 11:12:35,145   INFO  Not updated weight vtransform.mamba_downsample.1.running_var: torch.Size([128])
2026-03-23 11:12:35,145   INFO  Not updated weight vtransform.mamba_downsample.1.num_batches_tracked: torch.Size([])
2026-03-23 11:12:35,145   INFO  Not updated weight vtransform.mamba_downsample.3.weight: torch.Size([128, 128, 3, 3])
2026-03-23 11:12:35,145   INFO  Not updated weight vtransform.mamba_downsample.4.weight: torch.Size([128])
2026-03-23 11:12:35,145   INFO  Not updated weight vtransform.mamba_downsample.4.bias: torch.Size([128])
2026-03-23 11:12:35,145   INFO  Not updated weight vtransform.mamba_downsample.4.running_mean: torch.Size([128])
2026-03-23 11:12:35,145   INFO  Not updated weight vtransform.mamba_downsample.4.running_var: torch.Size([128])
2026-03-23 11:12:35,146   INFO  Not updated weight vtransform.mamba_downsample.4.num_batches_tracked: torch.Size([])
2026-03-23 11:12:35,146   INFO  Not updated weight vtransform.mamba_downsample.6.weight: torch.Size([128, 128, 3, 3])
2026-03-23 11:12:35,146   INFO  Not updated weight vtransform.mamba_downsample.7.weight: torch.Size([128])
2026-03-23 11:12:35,146   INFO  Not updated weight vtransform.mamba_downsample.7.bias: torch.Size([128])
2026-03-23 11:12:35,146   INFO  Not updated weight vtransform.mamba_downsample.7.running_mean: torch.Size([128])
2026-03-23 11:12:35,146   INFO  Not updated weight vtransform.mamba_downsample.7.running_var: torch.Size([128])
2026-03-23 11:12:35,146   INFO  Not updated weight vtransform.mamba_downsample.7.num_batches_tracked: torch.Size([])
2026-03-23 11:12:35,146   INFO  Not updated weight vtransform.depthnet.weight: torch.Size([198, 256, 1, 1])
2026-03-23 11:12:35,146   INFO  Not updated weight vtransform.depthnet.bias: torch.Size([198])
2026-03-23 11:12:35,146   INFO  Not updated weight fuser.conv.0.weight: torch.Size([128, 208, 3, 3])
2026-03-23 11:12:35,146   INFO  Not updated weight fuser.conv.1.weight: torch.Size([128])
2026-03-23 11:12:35,146   INFO  Not updated weight fuser.conv.1.bias: torch.Size([128])
2026-03-23 11:12:35,146   INFO  Not updated weight fuser.conv.1.running_mean: torch.Size([128])
2026-03-23 11:12:35,146   INFO  Not updated weight fuser.conv.1.running_var: torch.Size([128])
2026-03-23 11:12:35,146   INFO  Not updated weight fuser.conv.1.num_batches_tracked: torch.Size([])
2026-03-23 11:12:35,146   INFO  Not updated weight fuser.sparse_spatial_gate.router.0.weight: uninitialized (lazy parameter or buffer)
2026-03-23 11:12:35,146   INFO  Not updated weight fuser.sparse_spatial_gate.router.0.bias: uninitialized (lazy parameter or buffer)
2026-03-23 11:12:35,146   INFO  Not updated weight fuser.sparse_spatial_gate.router.2.weight: torch.Size([3, 128])
2026-03-23 11:12:35,146   INFO  Not updated weight fuser.sparse_spatial_gate.router.2.bias: torch.Size([3])
2026-03-23 11:12:35,146   INFO  Not updated weight backbone_2d.blocks.0.0.conv1.weight: torch.Size([128, 128, 3, 3])
2026-03-23 11:12:35,146   INFO  Not updated weight backbone_2d.blocks.0.0.bn1.weight: torch.Size([128])
2026-03-23 11:12:35,146   INFO  Not updated weight backbone_2d.blocks.0.0.bn1.bias: torch.Size([128])
2026-03-23 11:12:35,146   INFO  Not updated weight backbone_2d.blocks.0.0.bn1.running_mean: torch.Size([128])
2026-03-23 11:12:35,146   INFO  Not updated weight backbone_2d.blocks.0.0.bn1.running_var: torch.Size([128])
2026-03-23 11:12:35,146   INFO  Not updated weight backbone_2d.blocks.0.0.bn1.num_batches_tracked: torch.Size([])
2026-03-23 11:12:35,146   INFO  Not updated weight backbone_2d.blocks.0.0.conv2.weight: torch.Size([128, 128, 3, 3])
2026-03-23 11:12:35,146   INFO  Not updated weight backbone_2d.blocks.0.0.bn2.weight: torch.Size([128])
2026-03-23 11:12:35,146   INFO  Not updated weight backbone_2d.blocks.0.0.bn2.bias: torch.Size([128])
2026-03-23 11:12:35,146   INFO  Not updated weight backbone_2d.blocks.0.0.bn2.running_mean: torch.Size([128])
2026-03-23 11:12:35,146   INFO  Not updated weight backbone_2d.blocks.0.0.bn2.running_var: torch.Size([128])
2026-03-23 11:12:35,146   INFO  Not updated weight backbone_2d.blocks.0.0.bn2.num_batches_tracked: torch.Size([])
2026-03-23 11:12:35,146   INFO  Not updated weight backbone_2d.blocks.0.0.downsample_layer.0.weight: torch.Size([128, 128, 1, 1])
2026-03-23 11:12:35,146   INFO  Not updated weight backbone_2d.blocks.0.0.downsample_layer.1.weight: torch.Size([128])
2026-03-23 11:12:35,147   INFO  Not updated weight backbone_2d.blocks.0.0.downsample_layer.1.bias: torch.Size([128])
2026-03-23 11:12:35,147   INFO  Not updated weight backbone_2d.blocks.0.0.downsample_layer.1.running_mean: torch.Size([128])
2026-03-23 11:12:35,147   INFO  Not updated weight backbone_2d.blocks.0.0.downsample_layer.1.running_var: torch.Size([128])
2026-03-23 11:12:35,147   INFO  Not updated weight backbone_2d.blocks.0.0.downsample_layer.1.num_batches_tracked: torch.Size([])
2026-03-23 11:12:35,147   INFO  Not updated weight backbone_2d.blocks.0.1.conv1.weight: torch.Size([128, 128, 3, 3])
2026-03-23 11:12:35,147   INFO  Not updated weight backbone_2d.blocks.0.1.bn1.weight: torch.Size([128])
2026-03-23 11:12:35,147   INFO  Not updated weight backbone_2d.blocks.0.1.bn1.bias: torch.Size([128])
2026-03-23 11:12:35,147   INFO  Not updated weight backbone_2d.blocks.0.1.bn1.running_mean: torch.Size([128])
2026-03-23 11:12:35,147   INFO  Not updated weight backbone_2d.blocks.0.1.bn1.running_var: torch.Size([128])
2026-03-23 11:12:35,147   INFO  Not updated weight backbone_2d.blocks.0.1.bn1.num_batches_tracked: torch.Size([])
2026-03-23 11:12:35,147   INFO  Not updated weight backbone_2d.blocks.0.1.conv2.weight: torch.Size([128, 128, 3, 3])
2026-03-23 11:12:35,147   INFO  Not updated weight backbone_2d.blocks.0.1.bn2.weight: torch.Size([128])
2026-03-23 11:12:35,147   INFO  Not updated weight backbone_2d.blocks.0.1.bn2.bias: torch.Size([128])
2026-03-23 11:12:35,147   INFO  Not updated weight backbone_2d.blocks.0.1.bn2.running_mean: torch.Size([128])
2026-03-23 11:12:35,147   INFO  Not updated weight backbone_2d.blocks.0.1.bn2.running_var: torch.Size([128])
2026-03-23 11:12:35,147   INFO  Not updated weight backbone_2d.blocks.0.1.bn2.num_batches_tracked: torch.Size([])
2026-03-23 11:12:35,147   INFO  Not updated weight backbone_2d.blocks.1.0.conv1.weight: torch.Size([128, 128, 3, 3])
2026-03-23 11:12:35,147   INFO  Not updated weight backbone_2d.blocks.1.0.bn1.weight: torch.Size([128])
2026-03-23 11:12:35,147   INFO  Not updated weight backbone_2d.blocks.1.0.bn1.bias: torch.Size([128])
2026-03-23 11:12:35,147   INFO  Not updated weight backbone_2d.blocks.1.0.bn1.running_mean: torch.Size([128])
2026-03-23 11:12:35,147   INFO  Not updated weight backbone_2d.blocks.1.0.bn1.running_var: torch.Size([128])
2026-03-23 11:12:35,147   INFO  Not updated weight backbone_2d.blocks.1.0.bn1.num_batches_tracked: torch.Size([])
2026-03-23 11:12:35,147   INFO  Not updated weight backbone_2d.blocks.1.0.conv2.weight: torch.Size([128, 128, 3, 3])
2026-03-23 11:12:35,147   INFO  Not updated weight backbone_2d.blocks.1.0.bn2.weight: torch.Size([128])
2026-03-23 11:12:35,147   INFO  Not updated weight backbone_2d.blocks.1.0.bn2.bias: torch.Size([128])
2026-03-23 11:12:35,147   INFO  Not updated weight backbone_2d.blocks.1.0.bn2.running_mean: torch.Size([128])
2026-03-23 11:12:35,147   INFO  Not updated weight backbone_2d.blocks.1.0.bn2.running_var: torch.Size([128])
2026-03-23 11:12:35,147   INFO  Not updated weight backbone_2d.blocks.1.0.bn2.num_batches_tracked: torch.Size([])
2026-03-23 11:12:35,147   INFO  Not updated weight backbone_2d.blocks.1.0.downsample_layer.0.weight: torch.Size([128, 128, 1, 1])
2026-03-23 11:12:35,147   INFO  Not updated weight backbone_2d.blocks.1.0.downsample_layer.1.weight: torch.Size([128])
2026-03-23 11:12:35,147   INFO  Not updated weight backbone_2d.blocks.1.0.downsample_layer.1.bias: torch.Size([128])
2026-03-23 11:12:35,147   INFO  Not updated weight backbone_2d.blocks.1.0.downsample_layer.1.running_mean: torch.Size([128])
2026-03-23 11:12:35,147   INFO  Not updated weight backbone_2d.blocks.1.0.downsample_layer.1.running_var: torch.Size([128])
2026-03-23 11:12:35,148   INFO  Not updated weight backbone_2d.blocks.1.0.downsample_layer.1.num_batches_tracked: torch.Size([])
2026-03-23 11:12:35,148   INFO  Not updated weight backbone_2d.blocks.1.1.conv1.weight: torch.Size([128, 128, 3, 3])
2026-03-23 11:12:35,148   INFO  Not updated weight backbone_2d.blocks.1.1.bn1.weight: torch.Size([128])
2026-03-23 11:12:35,148   INFO  Not updated weight backbone_2d.blocks.1.1.bn1.bias: torch.Size([128])
2026-03-23 11:12:35,148   INFO  Not updated weight backbone_2d.blocks.1.1.bn1.running_mean: torch.Size([128])
2026-03-23 11:12:35,148   INFO  Not updated weight backbone_2d.blocks.1.1.bn1.running_var: torch.Size([128])
2026-03-23 11:12:35,148   INFO  Not updated weight backbone_2d.blocks.1.1.bn1.num_batches_tracked: torch.Size([])
2026-03-23 11:12:35,148   INFO  Not updated weight backbone_2d.blocks.1.1.conv2.weight: torch.Size([128, 128, 3, 3])
2026-03-23 11:12:35,148   INFO  Not updated weight backbone_2d.blocks.1.1.bn2.weight: torch.Size([128])
2026-03-23 11:12:35,148   INFO  Not updated weight backbone_2d.blocks.1.1.bn2.bias: torch.Size([128])
2026-03-23 11:12:35,148   INFO  Not updated weight backbone_2d.blocks.1.1.bn2.running_mean: torch.Size([128])
2026-03-23 11:12:35,148   INFO  Not updated weight backbone_2d.blocks.1.1.bn2.running_var: torch.Size([128])
2026-03-23 11:12:35,148   INFO  Not updated weight backbone_2d.blocks.1.1.bn2.num_batches_tracked: torch.Size([])
2026-03-23 11:12:35,148   INFO  Not updated weight backbone_2d.blocks.1.2.conv1.weight: torch.Size([128, 128, 3, 3])
2026-03-23 11:12:35,148   INFO  Not updated weight backbone_2d.blocks.1.2.bn1.weight: torch.Size([128])
2026-03-23 11:12:35,148   INFO  Not updated weight backbone_2d.blocks.1.2.bn1.bias: torch.Size([128])
2026-03-23 11:12:35,148   INFO  Not updated weight backbone_2d.blocks.1.2.bn1.running_mean: torch.Size([128])
2026-03-23 11:12:35,148   INFO  Not updated weight backbone_2d.blocks.1.2.bn1.running_var: torch.Size([128])
2026-03-23 11:12:35,148   INFO  Not updated weight backbone_2d.blocks.1.2.bn1.num_batches_tracked: torch.Size([])
2026-03-23 11:12:35,148   INFO  Not updated weight backbone_2d.blocks.1.2.conv2.weight: torch.Size([128, 128, 3, 3])
2026-03-23 11:12:35,148   INFO  Not updated weight backbone_2d.blocks.1.2.bn2.weight: torch.Size([128])
2026-03-23 11:12:35,148   INFO  Not updated weight backbone_2d.blocks.1.2.bn2.bias: torch.Size([128])
2026-03-23 11:12:35,148   INFO  Not updated weight backbone_2d.blocks.1.2.bn2.running_mean: torch.Size([128])
2026-03-23 11:12:35,148   INFO  Not updated weight backbone_2d.blocks.1.2.bn2.running_var: torch.Size([128])
2026-03-23 11:12:35,148   INFO  Not updated weight backbone_2d.blocks.1.2.bn2.num_batches_tracked: torch.Size([])
2026-03-23 11:12:35,148   INFO  Not updated weight backbone_2d.blocks.2.0.conv1.weight: torch.Size([256, 128, 3, 3])
2026-03-23 11:12:35,148   INFO  Not updated weight backbone_2d.blocks.2.0.bn1.weight: torch.Size([256])
2026-03-23 11:12:35,148   INFO  Not updated weight backbone_2d.blocks.2.0.bn1.bias: torch.Size([256])
2026-03-23 11:12:35,148   INFO  Not updated weight backbone_2d.blocks.2.0.bn1.running_mean: torch.Size([256])
2026-03-23 11:12:35,148   INFO  Not updated weight backbone_2d.blocks.2.0.bn1.running_var: torch.Size([256])
2026-03-23 11:12:35,148   INFO  Not updated weight backbone_2d.blocks.2.0.bn1.num_batches_tracked: torch.Size([])
2026-03-23 11:12:35,148   INFO  Not updated weight backbone_2d.blocks.2.0.conv2.weight: torch.Size([256, 256, 3, 3])
2026-03-23 11:12:35,148   INFO  Not updated weight backbone_2d.blocks.2.0.bn2.weight: torch.Size([256])
2026-03-23 11:12:35,148   INFO  Not updated weight backbone_2d.blocks.2.0.bn2.bias: torch.Size([256])
2026-03-23 11:12:35,149   INFO  Not updated weight backbone_2d.blocks.2.0.bn2.running_mean: torch.Size([256])
2026-03-23 11:12:35,149   INFO  Not updated weight backbone_2d.blocks.2.0.bn2.running_var: torch.Size([256])
2026-03-23 11:12:35,149   INFO  Not updated weight backbone_2d.blocks.2.0.bn2.num_batches_tracked: torch.Size([])
2026-03-23 11:12:35,149   INFO  Not updated weight backbone_2d.blocks.2.0.downsample_layer.0.weight: torch.Size([256, 128, 1, 1])
2026-03-23 11:12:35,149   INFO  Not updated weight backbone_2d.blocks.2.0.downsample_layer.1.weight: torch.Size([256])
2026-03-23 11:12:35,149   INFO  Not updated weight backbone_2d.blocks.2.0.downsample_layer.1.bias: torch.Size([256])
2026-03-23 11:12:35,149   INFO  Not updated weight backbone_2d.blocks.2.0.downsample_layer.1.running_mean: torch.Size([256])
2026-03-23 11:12:35,149   INFO  Not updated weight backbone_2d.blocks.2.0.downsample_layer.1.running_var: torch.Size([256])
2026-03-23 11:12:35,149   INFO  Not updated weight backbone_2d.blocks.2.0.downsample_layer.1.num_batches_tracked: torch.Size([])
2026-03-23 11:12:35,149   INFO  Not updated weight backbone_2d.blocks.2.1.conv1.weight: torch.Size([256, 256, 3, 3])
2026-03-23 11:12:35,149   INFO  Not updated weight backbone_2d.blocks.2.1.bn1.weight: torch.Size([256])
2026-03-23 11:12:35,149   INFO  Not updated weight backbone_2d.blocks.2.1.bn1.bias: torch.Size([256])
2026-03-23 11:12:35,149   INFO  Not updated weight backbone_2d.blocks.2.1.bn1.running_mean: torch.Size([256])
2026-03-23 11:12:35,149   INFO  Not updated weight backbone_2d.blocks.2.1.bn1.running_var: torch.Size([256])
2026-03-23 11:12:35,149   INFO  Not updated weight backbone_2d.blocks.2.1.bn1.num_batches_tracked: torch.Size([])
2026-03-23 11:12:35,149   INFO  Not updated weight backbone_2d.blocks.2.1.conv2.weight: torch.Size([256, 256, 3, 3])
2026-03-23 11:12:35,149   INFO  Not updated weight backbone_2d.blocks.2.1.bn2.weight: torch.Size([256])
2026-03-23 11:12:35,149   INFO  Not updated weight backbone_2d.blocks.2.1.bn2.bias: torch.Size([256])
2026-03-23 11:12:35,149   INFO  Not updated weight backbone_2d.blocks.2.1.bn2.running_mean: torch.Size([256])
2026-03-23 11:12:35,149   INFO  Not updated weight backbone_2d.blocks.2.1.bn2.running_var: torch.Size([256])
2026-03-23 11:12:35,149   INFO  Not updated weight backbone_2d.blocks.2.1.bn2.num_batches_tracked: torch.Size([])
2026-03-23 11:12:35,149   INFO  Not updated weight backbone_2d.blocks.2.2.conv1.weight: torch.Size([256, 256, 3, 3])
2026-03-23 11:12:35,149   INFO  Not updated weight backbone_2d.blocks.2.2.bn1.weight: torch.Size([256])
2026-03-23 11:12:35,149   INFO  Not updated weight backbone_2d.blocks.2.2.bn1.bias: torch.Size([256])
2026-03-23 11:12:35,149   INFO  Not updated weight backbone_2d.blocks.2.2.bn1.running_mean: torch.Size([256])
2026-03-23 11:12:35,149   INFO  Not updated weight backbone_2d.blocks.2.2.bn1.running_var: torch.Size([256])
2026-03-23 11:12:35,149   INFO  Not updated weight backbone_2d.blocks.2.2.bn1.num_batches_tracked: torch.Size([])
2026-03-23 11:12:35,149   INFO  Not updated weight backbone_2d.blocks.2.2.conv2.weight: torch.Size([256, 256, 3, 3])
2026-03-23 11:12:35,149   INFO  Not updated weight backbone_2d.blocks.2.2.bn2.weight: torch.Size([256])
2026-03-23 11:12:35,149   INFO  Not updated weight backbone_2d.blocks.2.2.bn2.bias: torch.Size([256])
2026-03-23 11:12:35,149   INFO  Not updated weight backbone_2d.blocks.2.2.bn2.running_mean: torch.Size([256])
2026-03-23 11:12:35,149   INFO  Not updated weight backbone_2d.blocks.2.2.bn2.running_var: torch.Size([256])
2026-03-23 11:12:35,149   INFO  Not updated weight backbone_2d.blocks.2.2.bn2.num_batches_tracked: torch.Size([])
2026-03-23 11:12:35,150   INFO  Not updated weight backbone_2d.blocks.3.0.conv1.weight: torch.Size([256, 256, 3, 3])
2026-03-23 11:12:35,150   INFO  Not updated weight backbone_2d.blocks.3.0.bn1.weight: torch.Size([256])
2026-03-23 11:12:35,150   INFO  Not updated weight backbone_2d.blocks.3.0.bn1.bias: torch.Size([256])
2026-03-23 11:12:35,150   INFO  Not updated weight backbone_2d.blocks.3.0.bn1.running_mean: torch.Size([256])
2026-03-23 11:12:35,150   INFO  Not updated weight backbone_2d.blocks.3.0.bn1.running_var: torch.Size([256])
2026-03-23 11:12:35,150   INFO  Not updated weight backbone_2d.blocks.3.0.bn1.num_batches_tracked: torch.Size([])
2026-03-23 11:12:35,150   INFO  Not updated weight backbone_2d.blocks.3.0.conv2.weight: torch.Size([256, 256, 3, 3])
2026-03-23 11:12:35,150   INFO  Not updated weight backbone_2d.blocks.3.0.bn2.weight: torch.Size([256])
2026-03-23 11:12:35,150   INFO  Not updated weight backbone_2d.blocks.3.0.bn2.bias: torch.Size([256])
2026-03-23 11:12:35,150   INFO  Not updated weight backbone_2d.blocks.3.0.bn2.running_mean: torch.Size([256])
2026-03-23 11:12:35,150   INFO  Not updated weight backbone_2d.blocks.3.0.bn2.running_var: torch.Size([256])
2026-03-23 11:12:35,150   INFO  Not updated weight backbone_2d.blocks.3.0.bn2.num_batches_tracked: torch.Size([])
2026-03-23 11:12:35,150   INFO  Not updated weight backbone_2d.blocks.3.0.downsample_layer.0.weight: torch.Size([256, 256, 1, 1])
2026-03-23 11:12:35,150   INFO  Not updated weight backbone_2d.blocks.3.0.downsample_layer.1.weight: torch.Size([256])
2026-03-23 11:12:35,150   INFO  Not updated weight backbone_2d.blocks.3.0.downsample_layer.1.bias: torch.Size([256])
2026-03-23 11:12:35,150   INFO  Not updated weight backbone_2d.blocks.3.0.downsample_layer.1.running_mean: torch.Size([256])
2026-03-23 11:12:35,150   INFO  Not updated weight backbone_2d.blocks.3.0.downsample_layer.1.running_var: torch.Size([256])
2026-03-23 11:12:35,150   INFO  Not updated weight backbone_2d.blocks.3.0.downsample_layer.1.num_batches_tracked: torch.Size([])
2026-03-23 11:12:35,150   INFO  Not updated weight backbone_2d.blocks.3.1.conv1.weight: torch.Size([256, 256, 3, 3])
2026-03-23 11:12:35,150   INFO  Not updated weight backbone_2d.blocks.3.1.bn1.weight: torch.Size([256])
2026-03-23 11:12:35,150   INFO  Not updated weight backbone_2d.blocks.3.1.bn1.bias: torch.Size([256])
2026-03-23 11:12:35,150   INFO  Not updated weight backbone_2d.blocks.3.1.bn1.running_mean: torch.Size([256])
2026-03-23 11:12:35,150   INFO  Not updated weight backbone_2d.blocks.3.1.bn1.running_var: torch.Size([256])
2026-03-23 11:12:35,150   INFO  Not updated weight backbone_2d.blocks.3.1.bn1.num_batches_tracked: torch.Size([])
2026-03-23 11:12:35,150   INFO  Not updated weight backbone_2d.blocks.3.1.conv2.weight: torch.Size([256, 256, 3, 3])
2026-03-23 11:12:35,150   INFO  Not updated weight backbone_2d.blocks.3.1.bn2.weight: torch.Size([256])
2026-03-23 11:12:35,150   INFO  Not updated weight backbone_2d.blocks.3.1.bn2.bias: torch.Size([256])
2026-03-23 11:12:35,150   INFO  Not updated weight backbone_2d.blocks.3.1.bn2.running_mean: torch.Size([256])
2026-03-23 11:12:35,150   INFO  Not updated weight backbone_2d.blocks.3.1.bn2.running_var: torch.Size([256])
2026-03-23 11:12:35,150   INFO  Not updated weight backbone_2d.blocks.3.1.bn2.num_batches_tracked: torch.Size([])
2026-03-23 11:12:35,150   INFO  Not updated weight backbone_2d.blocks.3.2.conv1.weight: torch.Size([256, 256, 3, 3])
2026-03-23 11:12:35,150   INFO  Not updated weight backbone_2d.blocks.3.2.bn1.weight: torch.Size([256])
2026-03-23 11:12:35,150   INFO  Not updated weight backbone_2d.blocks.3.2.bn1.bias: torch.Size([256])
2026-03-23 11:12:35,150   INFO  Not updated weight backbone_2d.blocks.3.2.bn1.running_mean: torch.Size([256])
2026-03-23 11:12:35,151   INFO  Not updated weight backbone_2d.blocks.3.2.bn1.running_var: torch.Size([256])
2026-03-23 11:12:35,151   INFO  Not updated weight backbone_2d.blocks.3.2.bn1.num_batches_tracked: torch.Size([])
2026-03-23 11:12:35,151   INFO  Not updated weight backbone_2d.blocks.3.2.conv2.weight: torch.Size([256, 256, 3, 3])
2026-03-23 11:12:35,151   INFO  Not updated weight backbone_2d.blocks.3.2.bn2.weight: torch.Size([256])
2026-03-23 11:12:35,151   INFO  Not updated weight backbone_2d.blocks.3.2.bn2.bias: torch.Size([256])
2026-03-23 11:12:35,151   INFO  Not updated weight backbone_2d.blocks.3.2.bn2.running_mean: torch.Size([256])
2026-03-23 11:12:35,151   INFO  Not updated weight backbone_2d.blocks.3.2.bn2.running_var: torch.Size([256])
2026-03-23 11:12:35,151   INFO  Not updated weight backbone_2d.blocks.3.2.bn2.num_batches_tracked: torch.Size([])
2026-03-23 11:12:35,151   INFO  Not updated weight backbone_2d.deblocks.0.0.weight: torch.Size([128, 128, 2, 2])
2026-03-23 11:12:35,151   INFO  Not updated weight backbone_2d.deblocks.0.1.weight: torch.Size([128])
2026-03-23 11:12:35,151   INFO  Not updated weight backbone_2d.deblocks.0.1.bias: torch.Size([128])
2026-03-23 11:12:35,151   INFO  Not updated weight backbone_2d.deblocks.0.1.running_mean: torch.Size([128])
2026-03-23 11:12:35,151   INFO  Not updated weight backbone_2d.deblocks.0.1.running_var: torch.Size([128])
2026-03-23 11:12:35,151   INFO  Not updated weight backbone_2d.deblocks.0.1.num_batches_tracked: torch.Size([])
2026-03-23 11:12:35,151   INFO  Not updated weight backbone_2d.deblocks.1.0.weight: torch.Size([128, 128, 1, 1])
2026-03-23 11:12:35,151   INFO  Not updated weight backbone_2d.deblocks.1.1.weight: torch.Size([128])
2026-03-23 11:12:35,151   INFO  Not updated weight backbone_2d.deblocks.1.1.bias: torch.Size([128])
2026-03-23 11:12:35,151   INFO  Not updated weight backbone_2d.deblocks.1.1.running_mean: torch.Size([128])
2026-03-23 11:12:35,151   INFO  Not updated weight backbone_2d.deblocks.1.1.running_var: torch.Size([128])
2026-03-23 11:12:35,151   INFO  Not updated weight backbone_2d.deblocks.1.1.num_batches_tracked: torch.Size([])
2026-03-23 11:12:35,151   INFO  Not updated weight backbone_2d.deblocks.2.0.weight: torch.Size([256, 128, 2, 2])
2026-03-23 11:12:35,151   INFO  Not updated weight backbone_2d.deblocks.2.1.weight: torch.Size([128])
2026-03-23 11:12:35,151   INFO  Not updated weight backbone_2d.deblocks.2.1.bias: torch.Size([128])
2026-03-23 11:12:35,151   INFO  Not updated weight backbone_2d.deblocks.2.1.running_mean: torch.Size([128])
2026-03-23 11:12:35,151   INFO  Not updated weight backbone_2d.deblocks.2.1.running_var: torch.Size([128])
2026-03-23 11:12:35,151   INFO  Not updated weight backbone_2d.deblocks.2.1.num_batches_tracked: torch.Size([])
2026-03-23 11:12:35,151   INFO  Not updated weight backbone_2d.deblocks.3.0.weight: torch.Size([256, 128, 4, 4])
2026-03-23 11:12:35,151   INFO  Not updated weight backbone_2d.deblocks.3.1.weight: torch.Size([128])
2026-03-23 11:12:35,151   INFO  Not updated weight backbone_2d.deblocks.3.1.bias: torch.Size([128])
2026-03-23 11:12:35,151   INFO  Not updated weight backbone_2d.deblocks.3.1.running_mean: torch.Size([128])
2026-03-23 11:12:35,151   INFO  Not updated weight backbone_2d.deblocks.3.1.running_var: torch.Size([128])
2026-03-23 11:12:35,151   INFO  Not updated weight backbone_2d.deblocks.3.1.num_batches_tracked: torch.Size([])
2026-03-23 11:12:35,152   INFO  Not updated weight dense_head.shared_conv.weight: torch.Size([128, 512, 3, 3])
2026-03-23 11:12:35,152   INFO  Not updated weight dense_head.shared_conv.bias: torch.Size([128])
2026-03-23 11:12:35,152   INFO  Not updated weight dense_head.heatmap_head.0.conv.weight: torch.Size([128, 128, 3, 3])
2026-03-23 11:12:35,152   INFO  Not updated weight dense_head.heatmap_head.0.conv.bias: torch.Size([128])
2026-03-23 11:12:35,152   INFO  Not updated weight dense_head.heatmap_head.0.bn.weight: torch.Size([128])
2026-03-23 11:12:35,152   INFO  Not updated weight dense_head.heatmap_head.0.bn.bias: torch.Size([128])
2026-03-23 11:12:35,152   INFO  Not updated weight dense_head.heatmap_head.0.bn.running_mean: torch.Size([128])
2026-03-23 11:12:35,152   INFO  Not updated weight dense_head.heatmap_head.0.bn.running_var: torch.Size([128])
2026-03-23 11:12:35,152   INFO  Not updated weight dense_head.heatmap_head.0.bn.num_batches_tracked: torch.Size([])
2026-03-23 11:12:35,152   INFO  Not updated weight dense_head.heatmap_head.1.weight: torch.Size([10, 128, 3, 3])
2026-03-23 11:12:35,152   INFO  Not updated weight dense_head.heatmap_head.1.bias: torch.Size([10])
2026-03-23 11:12:35,152   INFO  Not updated weight dense_head.class_encoding.weight: torch.Size([128, 10, 1])
2026-03-23 11:12:35,152   INFO  Not updated weight dense_head.class_encoding.bias: torch.Size([128])
2026-03-23 11:12:35,152   INFO  Not updated weight dense_head.decoder.self_attn.in_proj_weight: torch.Size([384, 128])
2026-03-23 11:12:35,152   INFO  Not updated weight dense_head.decoder.self_attn.in_proj_bias: torch.Size([384])
2026-03-23 11:12:35,152   INFO  Not updated weight dense_head.decoder.self_attn.out_proj.weight: torch.Size([128, 128])
2026-03-23 11:12:35,152   INFO  Not updated weight dense_head.decoder.self_attn.out_proj.bias: torch.Size([128])
2026-03-23 11:12:35,152   INFO  Not updated weight dense_head.decoder.multihead_attn.in_proj_weight: torch.Size([384, 128])
2026-03-23 11:12:35,152   INFO  Not updated weight dense_head.decoder.multihead_attn.in_proj_bias: torch.Size([384])
2026-03-23 11:12:35,152   INFO  Not updated weight dense_head.decoder.multihead_attn.out_proj.weight: torch.Size([128, 128])
2026-03-23 11:12:35,152   INFO  Not updated weight dense_head.decoder.multihead_attn.out_proj.bias: torch.Size([128])
2026-03-23 11:12:35,152   INFO  Not updated weight dense_head.decoder.linear1.weight: torch.Size([256, 128])
2026-03-23 11:12:35,152   INFO  Not updated weight dense_head.decoder.linear1.bias: torch.Size([256])
2026-03-23 11:12:35,152   INFO  Not updated weight dense_head.decoder.linear2.weight: torch.Size([128, 256])
2026-03-23 11:12:35,152   INFO  Not updated weight dense_head.decoder.linear2.bias: torch.Size([128])
2026-03-23 11:12:35,152   INFO  Not updated weight dense_head.decoder.norm1.weight: torch.Size([128])
2026-03-23 11:12:35,152   INFO  Not updated weight dense_head.decoder.norm1.bias: torch.Size([128])
2026-03-23 11:12:35,152   INFO  Not updated weight dense_head.decoder.norm2.weight: torch.Size([128])
2026-03-23 11:12:35,152   INFO  Not updated weight dense_head.decoder.norm2.bias: torch.Size([128])
2026-03-23 11:12:35,152   INFO  Not updated weight dense_head.decoder.norm3.weight: torch.Size([128])
2026-03-23 11:12:35,152   INFO  Not updated weight dense_head.decoder.norm3.bias: torch.Size([128])
2026-03-23 11:12:35,152   INFO  Not updated weight dense_head.decoder.self_posembed.position_embedding_head.0.weight: torch.Size([128, 2, 1])
2026-03-23 11:12:35,152   INFO  Not updated weight dense_head.decoder.self_posembed.position_embedding_head.0.bias: torch.Size([128])
2026-03-23 11:12:35,152   INFO  Not updated weight dense_head.decoder.self_posembed.position_embedding_head.1.weight: torch.Size([128])
2026-03-23 11:12:35,152   INFO  Not updated weight dense_head.decoder.self_posembed.position_embedding_head.1.bias: torch.Size([128])
2026-03-23 11:12:35,152   INFO  Not updated weight dense_head.decoder.self_posembed.position_embedding_head.1.running_mean: torch.Size([128])
2026-03-23 11:12:35,153   INFO  Not updated weight dense_head.decoder.self_posembed.position_embedding_head.1.running_var: torch.Size([128])
2026-03-23 11:12:35,153   INFO  Not updated weight dense_head.decoder.self_posembed.position_embedding_head.1.num_batches_tracked: torch.Size([])
2026-03-23 11:12:35,153   INFO  Not updated weight dense_head.decoder.self_posembed.position_embedding_head.3.weight: torch.Size([128, 128, 1])
2026-03-23 11:12:35,153   INFO  Not updated weight dense_head.decoder.self_posembed.position_embedding_head.3.bias: torch.Size([128])
2026-03-23 11:12:35,153   INFO  Not updated weight dense_head.decoder.cross_posembed.position_embedding_head.0.weight: torch.Size([128, 2, 1])
2026-03-23 11:12:35,153   INFO  Not updated weight dense_head.decoder.cross_posembed.position_embedding_head.0.bias: torch.Size([128])
2026-03-23 11:12:35,153   INFO  Not updated weight dense_head.decoder.cross_posembed.position_embedding_head.1.weight: torch.Size([128])
2026-03-23 11:12:35,153   INFO  Not updated weight dense_head.decoder.cross_posembed.position_embedding_head.1.bias: torch.Size([128])
2026-03-23 11:12:35,153   INFO  Not updated weight dense_head.decoder.cross_posembed.position_embedding_head.1.running_mean: torch.Size([128])
2026-03-23 11:12:35,153   INFO  Not updated weight dense_head.decoder.cross_posembed.position_embedding_head.1.running_var: torch.Size([128])
2026-03-23 11:12:35,153   INFO  Not updated weight dense_head.decoder.cross_posembed.position_embedding_head.1.num_batches_tracked: torch.Size([])
2026-03-23 11:12:35,153   INFO  Not updated weight dense_head.decoder.cross_posembed.position_embedding_head.3.weight: torch.Size([128, 128, 1])
2026-03-23 11:12:35,153   INFO  Not updated weight dense_head.decoder.cross_posembed.position_embedding_head.3.bias: torch.Size([128])
2026-03-23 11:12:35,153   INFO  Not updated weight dense_head.prediction_head.center.0.0.weight: torch.Size([64, 128, 1])
2026-03-23 11:12:35,153   INFO  Not updated weight dense_head.prediction_head.center.0.0.bias: torch.Size([64])
2026-03-23 11:12:35,153   INFO  Not updated weight dense_head.prediction_head.center.0.1.weight: torch.Size([64])
2026-03-23 11:12:35,153   INFO  Not updated weight dense_head.prediction_head.center.0.1.bias: torch.Size([64])
2026-03-23 11:12:35,153   INFO  Not updated weight dense_head.prediction_head.center.0.1.running_mean: torch.Size([64])
2026-03-23 11:12:35,153   INFO  Not updated weight dense_head.prediction_head.center.0.1.running_var: torch.Size([64])
2026-03-23 11:12:35,153   INFO  Not updated weight dense_head.prediction_head.center.0.1.num_batches_tracked: torch.Size([])
2026-03-23 11:12:35,153   INFO  Not updated weight dense_head.prediction_head.center.1.weight: torch.Size([2, 64, 1])
2026-03-23 11:12:35,153   INFO  Not updated weight dense_head.prediction_head.center.1.bias: torch.Size([2])
2026-03-23 11:12:35,153   INFO  Not updated weight dense_head.prediction_head.height.0.0.weight: torch.Size([64, 128, 1])
2026-03-23 11:12:35,153   INFO  Not updated weight dense_head.prediction_head.height.0.0.bias: torch.Size([64])
2026-03-23 11:12:35,153   INFO  Not updated weight dense_head.prediction_head.height.0.1.weight: torch.Size([64])
2026-03-23 11:12:35,153   INFO  Not updated weight dense_head.prediction_head.height.0.1.bias: torch.Size([64])
2026-03-23 11:12:35,153   INFO  Not updated weight dense_head.prediction_head.height.0.1.running_mean: torch.Size([64])
2026-03-23 11:12:35,153   INFO  Not updated weight dense_head.prediction_head.height.0.1.running_var: torch.Size([64])
2026-03-23 11:12:35,153   INFO  Not updated weight dense_head.prediction_head.height.0.1.num_batches_tracked: torch.Size([])
2026-03-23 11:12:35,153   INFO  Not updated weight dense_head.prediction_head.height.1.weight: torch.Size([1, 64, 1])
2026-03-23 11:12:35,153   INFO  Not updated weight dense_head.prediction_head.height.1.bias: torch.Size([1])
2026-03-23 11:12:35,153   INFO  Not updated weight dense_head.prediction_head.dim.0.0.weight: torch.Size([64, 128, 1])
2026-03-23 11:12:35,153   INFO  Not updated weight dense_head.prediction_head.dim.0.0.bias: torch.Size([64])
2026-03-23 11:12:35,153   INFO  Not updated weight dense_head.prediction_head.dim.0.1.weight: torch.Size([64])
2026-03-23 11:12:35,153   INFO  Not updated weight dense_head.prediction_head.dim.0.1.bias: torch.Size([64])
2026-03-23 11:12:35,154   INFO  Not updated weight dense_head.prediction_head.dim.0.1.running_mean: torch.Size([64])
2026-03-23 11:12:35,154   INFO  Not updated weight dense_head.prediction_head.dim.0.1.running_var: torch.Size([64])
2026-03-23 11:12:35,154   INFO  Not updated weight dense_head.prediction_head.dim.0.1.num_batches_tracked: torch.Size([])
2026-03-23 11:12:35,154   INFO  Not updated weight dense_head.prediction_head.dim.1.weight: torch.Size([3, 64, 1])
2026-03-23 11:12:35,154   INFO  Not updated weight dense_head.prediction_head.dim.1.bias: torch.Size([3])
2026-03-23 11:12:35,154   INFO  Not updated weight dense_head.prediction_head.rot.0.0.weight: torch.Size([64, 128, 1])
2026-03-23 11:12:35,154   INFO  Not updated weight dense_head.prediction_head.rot.0.0.bias: torch.Size([64])
2026-03-23 11:12:35,154   INFO  Not updated weight dense_head.prediction_head.rot.0.1.weight: torch.Size([64])
2026-03-23 11:12:35,154   INFO  Not updated weight dense_head.prediction_head.rot.0.1.bias: torch.Size([64])
2026-03-23 11:12:35,154   INFO  Not updated weight dense_head.prediction_head.rot.0.1.running_mean: torch.Size([64])
2026-03-23 11:12:35,154   INFO  Not updated weight dense_head.prediction_head.rot.0.1.running_var: torch.Size([64])
2026-03-23 11:12:35,154   INFO  Not updated weight dense_head.prediction_head.rot.0.1.num_batches_tracked: torch.Size([])
2026-03-23 11:12:35,154   INFO  Not updated weight dense_head.prediction_head.rot.1.weight: torch.Size([2, 64, 1])
2026-03-23 11:12:35,154   INFO  Not updated weight dense_head.prediction_head.rot.1.bias: torch.Size([2])
2026-03-23 11:12:35,154   INFO  Not updated weight dense_head.prediction_head.vel.0.0.weight: torch.Size([64, 128, 1])
2026-03-23 11:12:35,154   INFO  Not updated weight dense_head.prediction_head.vel.0.0.bias: torch.Size([64])
2026-03-23 11:12:35,154   INFO  Not updated weight dense_head.prediction_head.vel.0.1.weight: torch.Size([64])
2026-03-23 11:12:35,154   INFO  Not updated weight dense_head.prediction_head.vel.0.1.bias: torch.Size([64])
2026-03-23 11:12:35,154   INFO  Not updated weight dense_head.prediction_head.vel.0.1.running_mean: torch.Size([64])
2026-03-23 11:12:35,154   INFO  Not updated weight dense_head.prediction_head.vel.0.1.running_var: torch.Size([64])
2026-03-23 11:12:35,154   INFO  Not updated weight dense_head.prediction_head.vel.0.1.num_batches_tracked: torch.Size([])
2026-03-23 11:12:35,154   INFO  Not updated weight dense_head.prediction_head.vel.1.weight: torch.Size([2, 64, 1])
2026-03-23 11:12:35,154   INFO  Not updated weight dense_head.prediction_head.vel.1.bias: torch.Size([2])
2026-03-23 11:12:35,154   INFO  Not updated weight dense_head.prediction_head.iou.0.0.weight: torch.Size([64, 128, 1])
2026-03-23 11:12:35,154   INFO  Not updated weight dense_head.prediction_head.iou.0.0.bias: torch.Size([64])
2026-03-23 11:12:35,154   INFO  Not updated weight dense_head.prediction_head.iou.0.1.weight: torch.Size([64])
2026-03-23 11:12:35,154   INFO  Not updated weight dense_head.prediction_head.iou.0.1.bias: torch.Size([64])
2026-03-23 11:12:35,154   INFO  Not updated weight dense_head.prediction_head.iou.0.1.running_mean: torch.Size([64])
2026-03-23 11:12:35,154   INFO  Not updated weight dense_head.prediction_head.iou.0.1.running_var: torch.Size([64])
2026-03-23 11:12:35,154   INFO  Not updated weight dense_head.prediction_head.iou.0.1.num_batches_tracked: torch.Size([])
2026-03-23 11:12:35,154   INFO  Not updated weight dense_head.prediction_head.iou.1.weight: torch.Size([1, 64, 1])
2026-03-23 11:12:35,154   INFO  Not updated weight dense_head.prediction_head.iou.1.bias: torch.Size([1])
2026-03-23 11:12:35,154   INFO  Not updated weight dense_head.prediction_head.heatmap.0.0.weight: torch.Size([64, 128, 1])
2026-03-23 11:12:35,154   INFO  Not updated weight dense_head.prediction_head.heatmap.0.0.bias: torch.Size([64])
2026-03-23 11:12:35,154   INFO  Not updated weight dense_head.prediction_head.heatmap.0.1.weight: torch.Size([64])
2026-03-23 11:12:35,154   INFO  Not updated weight dense_head.prediction_head.heatmap.0.1.bias: torch.Size([64])
2026-03-23 11:12:35,155   INFO  Not updated weight dense_head.prediction_head.heatmap.0.1.running_mean: torch.Size([64])
2026-03-23 11:12:35,155   INFO  Not updated weight dense_head.prediction_head.heatmap.0.1.running_var: torch.Size([64])
2026-03-23 11:12:35,165   INFO  Not updated weight dense_head.prediction_head.heatmap.0.1.num_batches_tracked: torch.Size([])
2026-03-23 11:12:35,165   INFO  Not updated weight dense_head.prediction_head.heatmap.1.weight: torch.Size([10, 64, 1])
2026-03-23 11:12:35,165   INFO  Not updated weight dense_head.prediction_head.heatmap.1.bias: torch.Size([10])
2026-03-23 11:12:35,165   INFO  ==> Done (loaded 629/1407)
2026-03-23 11:12:35,196   INFO  Found 2 uninitialized lazy parameter(s) before DDP, running one warmup forward to initialize them.
2026-03-23 11:12:58,307   INFO  ----------- Model MambaFusion created, param count: 33615377 -----------
2026-03-23 11:12:58,307   INFO  DistributedDataParallel(
  (module): MambaFusion(
    (vfe): DynamicVoxelVFE(
      (pfn_layers): ModuleList(
        (0): PFNLayerV2(
          (linear): Linear(in_features=11, out_features=64, bias=False)
          (norm): SyncBatchNorm(64, eps=0.001, momentum=0.01, affine=True, track_running_stats=True)
          (relu): ReLU()
        )
        (1): PFNLayerV2(
          (linear): Linear(in_features=128, out_features=128, bias=False)
          (norm): SyncBatchNorm(128, eps=0.001, momentum=0.01, affine=True, track_running_stats=True)
          (relu): ReLU()
        )
      )
    )
    (backbone_3d): LION3DBackboneOneStride(
      (linear_1): LIONBlock(
        (encoder): ModuleList(
          (0-1): 2 x LIONLayer(
            (blocks): ModuleList(
              (0-1): 2 x Block2(
                (mamba): Mamba(
                  (in_proj): Linear(in_features=128, out_features=512, bias=False)
                  (conv1d): Conv1d(256, 256, kernel_size=(4,), stride=(1,), padding=(3,), groups=256)
                  (act): SiLU()
                  (x_proj): Linear(in_features=256, out_features=40, bias=False)
                  (dt_proj): Linear(in_features=8, out_features=256, bias=True)
                  (out_proj): Linear(in_features=256, out_features=128, bias=False)
                )
                (norm): LayerNorm((128,), eps=1e-05, elementwise_affine=True)
                (drop_path): timm.DropPath(0.2)
              )
            )
            (window_partition): FlattenedWindowMapping()
          )
        )
        (downsample_list): ModuleList(
          (0-1): 2 x PatchMerging3D(
            (sub_conv): SparseSequential(
              (0): SubMConv3d(128, 128, kernel_size=[3, 3, 3], stride=[1, 1, 1], padding=[0, 0, 0], dilation=[1, 1, 1], output_padding=[0, 0, 0], bias=False, algo=ConvAlgo.MaskImplicitGemm)
              (1): LayerNorm((128,), eps=1e-05, elementwise_affine=True)
              (2): GELU(approximate='none')
            )
            (norm): LayerNorm((128,), eps=1e-05, elementwise_affine=True)
            (sigmoid): Sigmoid()
          )
        )
        (pos_emb_list): ModuleList(
          (0-1): 2 x PositionEmbeddingLearned(
            (position_embedding_head): Sequential(
              (0): Linear(in_features=3, out_features=128, bias=True)
              (1): SyncBatchNorm(128, eps=1e-05, momentum=0.1, affine=True, track_running_stats=True)
              (2): ReLU(inplace=True)
              (3): Linear(in_features=128, out_features=128, bias=True)
            )
          )
        )
        (decoder): ModuleList(
          (0-1): 2 x LIONLayer(
            (blocks): ModuleList(
              (0-1): 2 x Block2(
                (mamba): Mamba(
                  (in_proj): Linear(in_features=128, out_features=512, bias=False)
                  (conv1d): Conv1d(256, 256, kernel_size=(4,), stride=(1,), padding=(3,), groups=256)
                  (act): SiLU()
                  (x_proj): Linear(in_features=256, out_features=40, bias=False)
                  (dt_proj): Linear(in_features=8, out_features=256, bias=True)
                  (out_proj): Linear(in_features=256, out_features=128, bias=False)
                )
                (norm): LayerNorm((128,), eps=1e-05, elementwise_affine=True)
                (drop_path): timm.DropPath(0.2)
              )
            )
            (window_partition): FlattenedWindowMapping()
          )
        )
        (decoder_norm): ModuleList(
          (0-1): 2 x LayerNorm((128,), eps=1e-05, elementwise_affine=True)
        )
        (upsample_list): ModuleList(
          (0-1): 2 x PatchExpanding3D()
        )
      )
      (dow1): PatchMerging3D(
        (sub_conv): SparseSequential(
          (0): SubMConv3d(128, 128, kernel_size=[3, 3, 3], stride=[1, 1, 1], padding=[0, 0, 0], dilation=[1, 1, 1], output_padding=[0, 0, 0], bias=False, algo=ConvAlgo.MaskImplicitGemm)
          (1): LayerNorm((128,), eps=1e-05, elementwise_affine=True)
          (2): GELU(approximate='none')
        )
        (norm): LayerNorm((128,), eps=1e-05, elementwise_affine=True)
        (sigmoid): Sigmoid()
      )
      (linear_2): LIONBlock(
        (encoder): ModuleList(
          (0-1): 2 x LIONLayer(
            (blocks): ModuleList(
              (0-1): 2 x Block2(
                (mamba): Mamba(
                  (in_proj): Linear(in_features=128, out_features=512, bias=False)
                  (conv1d): Conv1d(256, 256, kernel_size=(4,), stride=(1,), padding=(3,), groups=256)
                  (act): SiLU()
                  (x_proj): Linear(in_features=256, out_features=40, bias=False)
                  (dt_proj): Linear(in_features=8, out_features=256, bias=True)
                  (out_proj): Linear(in_features=256, out_features=128, bias=False)
                )
                (norm): LayerNorm((128,), eps=1e-05, elementwise_affine=True)
                (drop_path): timm.DropPath(0.2)
              )
            )
            (window_partition): FlattenedWindowMapping()
          )
        )
        (downsample_list): ModuleList(
          (0-1): 2 x PatchMerging3D(
            (sub_conv): SparseSequential(
              (0): SubMConv3d(128, 128, kernel_size=[3, 3, 3], stride=[1, 1, 1], padding=[0, 0, 0], dilation=[1, 1, 1], output_padding=[0, 0, 0], bias=False, algo=ConvAlgo.MaskImplicitGemm)
              (1): LayerNorm((128,), eps=1e-05, elementwise_affine=True)
              (2): GELU(approximate='none')
            )
            (norm): LayerNorm((128,), eps=1e-05, elementwise_affine=True)
            (sigmoid): Sigmoid()
          )
        )
        (pos_emb_list): ModuleList(
          (0-1): 2 x PositionEmbeddingLearned(
            (position_embedding_head): Sequential(
              (0): Linear(in_features=3, out_features=128, bias=True)
              (1): SyncBatchNorm(128, eps=1e-05, momentum=0.1, affine=True, track_running_stats=True)
              (2): ReLU(inplace=True)
              (3): Linear(in_features=128, out_features=128, bias=True)
            )
          )
        )
        (decoder): ModuleList(
          (0-1): 2 x LIONLayer(
            (blocks): ModuleList(
              (0-1): 2 x Block2(
                (mamba): Mamba(
                  (in_proj): Linear(in_features=128, out_features=512, bias=False)
                  (conv1d): Conv1d(256, 256, kernel_size=(4,), stride=(1,), padding=(3,), groups=256)
                  (act): SiLU()
                  (x_proj): Linear(in_features=256, out_features=40, bias=False)
                  (dt_proj): Linear(in_features=8, out_features=256, bias=True)
                  (out_proj): Linear(in_features=256, out_features=128, bias=False)
                )
                (norm): LayerNorm((128,), eps=1e-05, elementwise_affine=True)
                (drop_path): timm.DropPath(0.2)
              )
            )
            (window_partition): FlattenedWindowMapping()
          )
        )
        (decoder_norm): ModuleList(
          (0-1): 2 x LayerNorm((128,), eps=1e-05, elementwise_affine=True)
        )
        (upsample_list): ModuleList(
          (0-1): 2 x PatchExpanding3D()
        )
      )
      (dow2): PatchMerging3D(
        (sub_conv): SparseSequential(
          (0): SubMConv3d(128, 128, kernel_size=[3, 3, 3], stride=[1, 1, 1], padding=[0, 0, 0], dilation=[1, 1, 1], output_padding=[0, 0, 0], bias=False, algo=ConvAlgo.MaskImplicitGemm)
          (1): LayerNorm((128,), eps=1e-05, elementwise_affine=True)
          (2): GELU(approximate='none')
        )
        (norm): LayerNorm((128,), eps=1e-05, elementwise_affine=True)
        (sigmoid): Sigmoid()
      )
      (linear_3): LIONBlock(
        (encoder): ModuleList(
          (0-1): 2 x LIONLayer(
            (blocks): ModuleList(
              (0-1): 2 x Block2(
                (mamba): Mamba(
                  (in_proj): Linear(in_features=128, out_features=512, bias=False)
                  (conv1d): Conv1d(256, 256, kernel_size=(4,), stride=(1,), padding=(3,), groups=256)
                  (act): SiLU()
                  (x_proj): Linear(in_features=256, out_features=40, bias=False)
                  (dt_proj): Linear(in_features=8, out_features=256, bias=True)
                  (out_proj): Linear(in_features=256, out_features=128, bias=False)
                )
                (norm): LayerNorm((128,), eps=1e-05, elementwise_affine=True)
                (drop_path): timm.DropPath(0.2)
              )
            )
            (window_partition): FlattenedWindowMapping()
          )
        )
        (downsample_list): ModuleList(
          (0-1): 2 x PatchMerging3D(
            (sub_conv): SparseSequential(
              (0): SubMConv3d(128, 128, kernel_size=[3, 3, 3], stride=[1, 1, 1], padding=[0, 0, 0], dilation=[1, 1, 1], output_padding=[0, 0, 0], bias=False, algo=ConvAlgo.MaskImplicitGemm)
              (1): LayerNorm((128,), eps=1e-05, elementwise_affine=True)
              (2): GELU(approximate='none')
            )
            (norm): LayerNorm((128,), eps=1e-05, elementwise_affine=True)
            (sigmoid): Sigmoid()
          )
        )
        (pos_emb_list): ModuleList(
          (0-1): 2 x PositionEmbeddingLearned(
            (position_embedding_head): Sequential(
              (0): Linear(in_features=3, out_features=128, bias=True)
              (1): SyncBatchNorm(128, eps=1e-05, momentum=0.1, affine=True, track_running_stats=True)
              (2): ReLU(inplace=True)
              (3): Linear(in_features=128, out_features=128, bias=True)
            )
          )
        )
        (decoder): ModuleList(
          (0-1): 2 x LIONLayer(
            (blocks): ModuleList(
              (0-1): 2 x Block2(
                (mamba): Mamba(
                  (in_proj): Linear(in_features=128, out_features=512, bias=False)
                  (conv1d): Conv1d(256, 256, kernel_size=(4,), stride=(1,), padding=(3,), groups=256)
                  (act): SiLU()
                  (x_proj): Linear(in_features=256, out_features=40, bias=False)
                  (dt_proj): Linear(in_features=8, out_features=256, bias=True)
                  (out_proj): Linear(in_features=256, out_features=128, bias=False)
                )
                (norm): LayerNorm((128,), eps=1e-05, elementwise_affine=True)
                (drop_path): timm.DropPath(0.2)
              )
            )
            (window_partition): FlattenedWindowMapping()
          )
        )
        (decoder_norm): ModuleList(
          (0-1): 2 x LayerNorm((128,), eps=1e-05, elementwise_affine=True)
        )
        (upsample_list): ModuleList(
          (0-1): 2 x PatchExpanding3D()
        )
      )
      (dow3): PatchMerging3D(
        (sub_conv): SparseSequential(
          (0): SubMConv3d(128, 128, kernel_size=[3, 3, 3], stride=[1, 1, 1], padding=[0, 0, 0], dilation=[1, 1, 1], output_padding=[0, 0, 0], bias=False, algo=ConvAlgo.MaskImplicitGemm)
          (1): LayerNorm((128,), eps=1e-05, elementwise_affine=True)
          (2): GELU(approximate='none')
        )
        (norm): LayerNorm((128,), eps=1e-05, elementwise_affine=True)
        (sigmoid): Sigmoid()
      )
      (linear_4): LIONBlock(
        (encoder): ModuleList(
          (0-1): 2 x LIONLayer(
            (blocks): ModuleList(
              (0-1): 2 x Block2(
                (mamba): Mamba(
                  (in_proj): Linear(in_features=128, out_features=512, bias=False)
                  (conv1d): Conv1d(256, 256, kernel_size=(4,), stride=(1,), padding=(3,), groups=256)
                  (act): SiLU()
                  (x_proj): Linear(in_features=256, out_features=40, bias=False)
                  (dt_proj): Linear(in_features=8, out_features=256, bias=True)
                  (out_proj): Linear(in_features=256, out_features=128, bias=False)
                )
                (norm): LayerNorm((128,), eps=1e-05, elementwise_affine=True)
                (drop_path): timm.DropPath(0.2)
              )
            )
            (window_partition): FlattenedWindowMapping()
          )
        )
        (downsample_list): ModuleList(
          (0-1): 2 x PatchMerging3D(
            (sub_conv): SparseSequential(
              (0): SubMConv3d(128, 128, kernel_size=[3, 3, 3], stride=[1, 1, 1], padding=[0, 0, 0], dilation=[1, 1, 1], output_padding=[0, 0, 0], bias=False, algo=ConvAlgo.MaskImplicitGemm)
              (1): LayerNorm((128,), eps=1e-05, elementwise_affine=True)
              (2): GELU(approximate='none')
            )
            (norm): LayerNorm((128,), eps=1e-05, elementwise_affine=True)
            (sigmoid): Sigmoid()
          )
        )
        (pos_emb_list): ModuleList(
          (0-1): 2 x PositionEmbeddingLearned(
            (position_embedding_head): Sequential(
              (0): Linear(in_features=3, out_features=128, bias=True)
              (1): SyncBatchNorm(128, eps=1e-05, momentum=0.1, affine=True, track_running_stats=True)
              (2): ReLU(inplace=True)
              (3): Linear(in_features=128, out_features=128, bias=True)
            )
          )
        )
        (decoder): ModuleList(
          (0-1): 2 x LIONLayer(
            (blocks): ModuleList(
              (0-1): 2 x Block2(
                (mamba): Mamba(
                  (in_proj): Linear(in_features=128, out_features=512, bias=False)
                  (conv1d): Conv1d(256, 256, kernel_size=(4,), stride=(1,), padding=(3,), groups=256)
                  (act): SiLU()
                  (x_proj): Linear(in_features=256, out_features=40, bias=False)
                  (dt_proj): Linear(in_features=8, out_features=256, bias=True)
                  (out_proj): Linear(in_features=256, out_features=128, bias=False)
                )
                (norm): LayerNorm((128,), eps=1e-05, elementwise_affine=True)
                (drop_path): timm.DropPath(0.2)
              )
            )
            (window_partition): FlattenedWindowMapping()
          )
        )
        (decoder_norm): ModuleList(
          (0-1): 2 x LayerNorm((128,), eps=1e-05, elementwise_affine=True)
        )
        (upsample_list): ModuleList(
          (0-1): 2 x PatchExpanding3D()
        )
      )
      (dow4): PatchMerging3D(
        (sub_conv): SparseSequential(
          (0): SubMConv3d(128, 128, kernel_size=[3, 3, 3], stride=[1, 1, 1], padding=[0, 0, 0], dilation=[1, 1, 1], output_padding=[0, 0, 0], bias=False, algo=ConvAlgo.MaskImplicitGemm)
          (1): LayerNorm((128,), eps=1e-05, elementwise_affine=True)
          (2): GELU(approximate='none')
        )
        (norm): LayerNorm((128,), eps=1e-05, elementwise_affine=True)
        (sigmoid): Sigmoid()
      )
      (linear_out): LIONLayer(
        (blocks): ModuleList(
          (0-1): 2 x Block2(
            (mamba): Mamba(
              (in_proj): Linear(in_features=128, out_features=512, bias=False)
              (conv1d): Conv1d(256, 256, kernel_size=(4,), stride=(1,), padding=(3,), groups=256)
              (act): SiLU()
              (x_proj): Linear(in_features=256, out_features=40, bias=False)
              (dt_proj): Linear(in_features=8, out_features=256, bias=True)
              (out_proj): Linear(in_features=256, out_features=128, bias=False)
            )
            (norm): LayerNorm((128,), eps=1e-05, elementwise_affine=True)
            (drop_path): timm.DropPath(0.2)
          )
        )
        (window_partition): FlattenedWindowMapping()
      )
      (dow5): PatchMerging3D(
        (sub_conv): SparseSequential(
          (0): SubMConv3d(128, 128, kernel_size=[3, 3, 3], stride=[1, 1, 1], padding=[0, 0, 0], dilation=[1, 1, 1], output_padding=[0, 0, 0], bias=False, algo=ConvAlgo.MaskImplicitGemm)
          (1): LayerNorm((128,), eps=1e-05, elementwise_affine=True)
          (2): GELU(approximate='none')
        )
        (norm): LayerNorm((128,), eps=1e-05, elementwise_affine=True)
        (sigmoid): Sigmoid()
      )
    )
    (mm_backbone): MambaFusion(
      (backbone_vssm): Backbone_VSSM(
        (patch_embed): Sequential(
          (0): Conv2d(3, 64, kernel_size=(3, 3), stride=(2, 2), padding=(1, 1))
          (1): Identity()
          (2): LayerNorm2d((64,), eps=1e-05, elementwise_affine=True)
          (3): Identity()
          (4): GELU(approximate='none')
          (5): Conv2d(64, 128, kernel_size=(3, 3), stride=(2, 2), padding=(1, 1))
          (6): Identity()
          (7): LayerNorm2d((128,), eps=1e-05, elementwise_affine=True)
        )
        (layers): ModuleList(
          (0): Sequential(
            (blocks): Sequential(
              (0): VSSBlock(
                (norm): LayerNorm2d((128,), eps=1e-05, elementwise_affine=True)
                (op): SS2D(
                  (out_norm): LayerNorm2d((256,), eps=1e-05, elementwise_affine=True)
                  (in_proj): Linear2d(in_features=128, out_features=256, bias=False)
                  (act): SiLU()
                  (conv2d): Conv2d(256, 256, kernel_size=(3, 3), stride=(1, 1), padding=(1, 1), groups=256, bias=False)
                  (out_act): Identity()
                  (out_proj): Linear2d(in_features=256, out_features=128, bias=False)
                  (dropout): Identity()
                )
                (drop_path): timm.DropPath(0.0)
                (norm2): LayerNorm2d((128,), eps=1e-05, elementwise_affine=True)
                (mlp): Mlp(
                  (fc1): Linear2d(in_features=128, out_features=512, bias=True)
                  (act): GELU(approximate='none')
                  (fc2): Linear2d(in_features=512, out_features=128, bias=True)
                  (drop): Dropout(p=0.0, inplace=False)
                )
              )
              (1): VSSBlock(
                (norm): LayerNorm2d((128,), eps=1e-05, elementwise_affine=True)
                (op): SS2D(
                  (out_norm): LayerNorm2d((256,), eps=1e-05, elementwise_affine=True)
                  (in_proj): Linear2d(in_features=128, out_features=256, bias=False)
                  (act): SiLU()
                  (conv2d): Conv2d(256, 256, kernel_size=(3, 3), stride=(1, 1), padding=(1, 1), groups=256, bias=False)
                  (out_act): Identity()
                  (out_proj): Linear2d(in_features=256, out_features=128, bias=False)
                  (dropout): Identity()
                )
                (drop_path): timm.DropPath(0.06666667014360428)
                (norm2): LayerNorm2d((128,), eps=1e-05, elementwise_affine=True)
                (mlp): Mlp(
                  (fc1): Linear2d(in_features=128, out_features=512, bias=True)
                  (act): GELU(approximate='none')
                  (fc2): Linear2d(in_features=512, out_features=128, bias=True)
                  (drop): Dropout(p=0.0, inplace=False)
                )
              )
            )
            (downsample): Sequential(
              (0): Identity()
              (1): Conv2d(128, 256, kernel_size=(3, 3), stride=(2, 2), padding=(1, 1))
              (2): Identity()
              (3): LayerNorm2d((256,), eps=1e-05, elementwise_affine=True)
            )
          )
          (1): Sequential(
            (blocks): Sequential(
              (0): VSSBlock(
                (norm): LayerNorm2d((256,), eps=1e-05, elementwise_affine=True)
                (op): SS2D(
                  (out_norm): LayerNorm2d((512,), eps=1e-05, elementwise_affine=True)
                  (in_proj): Linear2d(in_features=256, out_features=512, bias=False)
                  (act): SiLU()
                  (conv2d): Conv2d(512, 512, kernel_size=(3, 3), stride=(1, 1), padding=(1, 1), groups=512, bias=False)
                  (out_act): Identity()
                  (out_proj): Linear2d(in_features=512, out_features=256, bias=False)
                  (dropout): Identity()
                )
                (drop_path): timm.DropPath(0.13333332538604736)
                (norm2): LayerNorm2d((256,), eps=1e-05, elementwise_affine=True)
                (mlp): Mlp(
                  (fc1): Linear2d(in_features=256, out_features=1024, bias=True)
                  (act): GELU(approximate='none')
                  (fc2): Linear2d(in_features=1024, out_features=256, bias=True)
                  (drop): Dropout(p=0.0, inplace=False)
                )
              )
              (1): VSSBlock(
                (norm): LayerNorm2d((256,), eps=1e-05, elementwise_affine=True)
                (op): SS2D(
                  (out_norm): LayerNorm2d((512,), eps=1e-05, elementwise_affine=True)
                  (in_proj): Linear2d(in_features=256, out_features=512, bias=False)
                  (act): SiLU()
                  (conv2d): Conv2d(512, 512, kernel_size=(3, 3), stride=(1, 1), padding=(1, 1), groups=512, bias=False)
                  (out_act): Identity()
                  (out_proj): Linear2d(in_features=512, out_features=256, bias=False)
                  (dropout): Identity()
                )
                (drop_path): timm.DropPath(0.20000000298023224)
                (norm2): LayerNorm2d((256,), eps=1e-05, elementwise_affine=True)
                (mlp): Mlp(
                  (fc1): Linear2d(in_features=256, out_features=1024, bias=True)
                  (act): GELU(approximate='none')
                  (fc2): Linear2d(in_features=1024, out_features=256, bias=True)
                  (drop): Dropout(p=0.0, inplace=False)
                )
              )
            )
            (downsample): Identity()
          )
        )
        (outnorm1): LayerNorm2d((256,), eps=1e-05, elementwise_affine=True)
      )
      (vssm_down_block): Conv2d(256, 128, kernel_size=(1, 1), stride=(1, 1))
      (image_input_layer): UniTRInputLayer(
        (posembed_layers): ModuleList(
          (0): ModuleList(
            (0-1): 2 x Identity()
          )
        )
      )
      (lidar_input_layer): UniTRInputLayer(
        (posembed_layers): ModuleList(
          (0): ModuleList(
            (0-1): 2 x Identity()
          )
        )
      )
      (out_norm0): LayerNorm((128,), eps=1e-05, elementwise_affine=True)
      (out_norm1): LayerNorm((128,), eps=1e-05, elementwise_affine=True)
      (map_lidar2image_layer): MapLidar2Image()
      (pos_embed_inter2): ModuleList(
        (0): Sequential(
          (0): Linear(in_features=9, out_features=128, bias=True)
          (1): SyncBatchNorm(128, eps=1e-05, momentum=0.1, affine=True, track_running_stats=True)
          (2): ReLU(inplace=True)
          (3): Linear(in_features=128, out_features=128, bias=True)
        )
      )
      (multi_scale_norm_list): ModuleList()
      (pos_embed_intra): Sequential(
        (0): Linear(in_features=9, out_features=128, bias=True)
        (1): SyncBatchNorm(128, eps=1e-05, momentum=0.1, affine=True, track_running_stats=True)
        (2): ReLU(inplace=True)
        (3): Linear(in_features=128, out_features=128, bias=True)
      )
      (stage_0): ModuleList(
        (0-1): 2 x ModuleList(
          (0): LocalMamba(
            (encoder): ModuleList(
              (0-1): 2 x LocalMambaLayer(
                (blocks): ModuleList(
                  (0-1): 2 x Block2(
                    (mamba): Mamba(
                      (in_proj): Linear(in_features=128, out_features=512, bias=False)
                      (conv1d): Conv1d(256, 256, kernel_size=(4,), stride=(1,), padding=(3,), groups=256)
                      (act): SiLU()
                      (x_proj): Linear(in_features=256, out_features=40, bias=False)
                      (dt_proj): Linear(in_features=8, out_features=256, bias=True)
                      (out_proj): Linear(in_features=256, out_features=128, bias=False)
                    )
                    (norm): LayerNorm((128,), eps=1e-05, elementwise_affine=True)
                    (drop_path): timm.DropPath(0.2)
                  )
                )
                (window_partition): FlattenedWindowMapping()
              )
            )
            (downsample_list): ModuleList(
              (0-1): 2 x PatchMerging3D(
                (sub_conv): SparseSequential(
                  (0): SubMConv3d(128, 128, kernel_size=[3, 3, 3], stride=[1, 1, 1], padding=[0, 0, 0], dilation=[1, 1, 1], output_padding=[0, 0, 0], bias=False, algo=ConvAlgo.MaskImplicitGemm)
                  (1): LayerNorm((128,), eps=1e-05, elementwise_affine=True)
                  (2): GELU(approximate='none')
                )
                (norm): LayerNorm((128,), eps=1e-05, elementwise_affine=True)
                (sigmoid): Sigmoid()
              )
            )
            (pos_emb_list): ModuleList(
              (0-1): 2 x PositionEmbeddingLearned(
                (position_embedding_head): Sequential(
                  (0): Linear(in_features=2, out_features=128, bias=True)
                  (1): SyncBatchNorm(128, eps=1e-05, momentum=0.1, affine=True, track_running_stats=True)
                  (2): ReLU(inplace=True)
                  (3): Linear(in_features=128, out_features=128, bias=True)
                )
              )
            )
            (decoder): ModuleList(
              (0-1): 2 x LocalMambaLayer(
                (blocks): ModuleList(
                  (0-1): 2 x Block2(
                    (mamba): Mamba(
                      (in_proj): Linear(in_features=128, out_features=512, bias=False)
                      (conv1d): Conv1d(256, 256, kernel_size=(4,), stride=(1,), padding=(3,), groups=256)
                      (act): SiLU()
                      (x_proj): Linear(in_features=256, out_features=40, bias=False)
                      (dt_proj): Linear(in_features=8, out_features=256, bias=True)
                      (out_proj): Linear(in_features=256, out_features=128, bias=False)
                    )
                    (norm): LayerNorm((128,), eps=1e-05, elementwise_affine=True)
                    (drop_path): timm.DropPath(0.2)
                  )
                )
                (window_partition): FlattenedWindowMapping()
              )
            )
            (decoder_norm): ModuleList(
              (0-1): 2 x LayerNorm((128,), eps=1e-05, elementwise_affine=True)
            )
            (upsample_list): ModuleList(
              (0-1): 2 x PatchExpanding3D()
            )
          )
          (1): GlobalMamba(
            (mamba_encoder_list): ModuleList(
              (0-1): 2 x Block(
                (norm): RMSNorm()
                (mixer): Mamba(
                  (in_proj): Linear(in_features=128, out_features=512, bias=False)
                  (conv1d): Conv1d(256, 256, kernel_size=(4,), stride=(1,), padding=(3,), groups=256)
                  (act): SiLU()
                  (x_proj): Linear(in_features=256, out_features=40, bias=False)
                  (dt_proj): Linear(in_features=8, out_features=256, bias=True)
                  (out_proj): Linear(in_features=256, out_features=128, bias=False)
                )
              )
            )
            (conv_encoder): ModuleList(
              (0): DownSp(
                (blocks): SparseSequential(
                  (0): Identity()
                )
              )
              (1): DownSp(
                (blocks): SparseSequential(
                  (0): SparseSequential(
                    (0): SparseConv3d(128, 128, kernel_size=[3, 3, 3], stride=[2, 2, 2], padding=[1, 1, 1], dilation=[1, 1, 1], output_padding=[0, 0, 0], bias=False, algo=ConvAlgo.MaskImplicitGemm)
                    (1): SyncBatchNorm(128, eps=0.001, momentum=0.01, affine=True, track_running_stats=True)
                    (2): ReLU()
                  )
                  (1): Sparse1ConvBlock(
                    (conv1): SubMConv3d(128, 128, kernel_size=[3, 3, 3], stride=[1, 1, 1], padding=[1, 1, 1], dilation=[1, 1, 1], output_padding=[0, 0, 0], algo=ConvAlgo.MaskImplicitGemm)
                    (bn1): SyncBatchNorm(128, eps=0.001, momentum=0.01, affine=True, track_running_stats=True)
                    (relu): ReLU()
                  )
                )
              )
            )
            (conv_decoder): ModuleList(
              (0): SparseSequential(
                (0): SparseInverseConv3d(128, 128, kernel_size=[3, 3, 3], stride=[1, 1, 1], padding=[0, 0, 0], dilation=[1, 1, 1], output_padding=[0, 0, 0], bias=False, algo=ConvAlgo.MaskImplicitGemm)
                (1): SyncBatchNorm(128, eps=0.001, momentum=0.01, affine=True, track_running_stats=True)
                (2): ReLU()
              )
            )
            (conv_decoder_norm): ModuleList(
              (0): SyncBatchNorm(128, eps=0.001, momentum=0.01, affine=True, track_running_stats=True)
            )
            (norm): LayerNorm((128,), eps=1e-05, elementwise_affine=True)
            (norm_back): LayerNorm((128,), eps=1e-05, elementwise_affine=True)
          )
        )
      )
      (residual_norm_stage_0): ModuleList(
        (0-1): 2 x LayerNorm((128,), eps=1e-05, elementwise_affine=True)
      )
      (lidar_residual_norm_stage_0): ModuleList(
        (0-1): 2 x LayerNorm((128,), eps=1e-05, elementwise_affine=True)
      )
    )
    (neck): GeneralizedLSSFPN(
      (lateral_convs): ModuleList(
        (0): BasicBlock2D(
          (conv): Conv2d(256, 256, kernel_size=(1, 1), stride=(1, 1))
          (bn): SyncBatchNorm(256, eps=1e-05, momentum=0.1, affine=True, track_running_stats=True)
          (relu): ReLU(inplace=True)
        )
      )
      (fpn_convs): ModuleList(
        (0): BasicBlock2D(
          (conv): Conv2d(256, 256, kernel_size=(3, 3), stride=(1, 1), padding=(1, 1))
          (bn): SyncBatchNorm(256, eps=1e-05, momentum=0.1, affine=True, track_running_stats=True)
          (relu): ReLU(inplace=True)
        )
      )
    )
    (vtransform): LSSTransform_Lite(
      (mamba_layernorm): LayerNorm((80,), eps=1e-05, elementwise_affine=True)
      (mamba_layernorm2): LayerNorm((128,), eps=1e-05, elementwise_affine=True)
      (mamba_blocks): ModuleList(
        (0): GlobalMamba(
          (mamba_encoder_list): ModuleList(
            (0-1): 2 x Block(
              (norm): RMSNorm()
              (mixer): Mamba(
                (in_proj): Linear(in_features=128, out_features=512, bias=False)
                (conv1d): Conv1d(256, 256, kernel_size=(4,), stride=(1,), padding=(3,), groups=256)
                (act): SiLU()
                (x_proj): Linear(in_features=256, out_features=40, bias=False)
                (dt_proj): Linear(in_features=8, out_features=256, bias=True)
                (out_proj): Linear(in_features=256, out_features=128, bias=False)
              )
            )
          )
          (conv_encoder): ModuleList(
            (0): DownSp(
              (blocks): SparseSequential(
                (0): Identity()
              )
            )
            (1): DownSp(
              (blocks): SparseSequential(
                (0): SparseSequential(
                  (0): SparseConv3d(128, 128, kernel_size=[3, 3, 3], stride=[2, 2, 2], padding=[1, 1, 1], dilation=[1, 1, 1], output_padding=[0, 0, 0], bias=False, algo=ConvAlgo.MaskImplicitGemm)
                  (1): SyncBatchNorm(128, eps=0.001, momentum=0.01, affine=True, track_running_stats=True)
                  (2): ReLU()
                )
                (1): Sparse1ConvBlock(
                  (conv1): SubMConv3d(128, 128, kernel_size=[3, 3, 3], stride=[1, 1, 1], padding=[1, 1, 1], dilation=[1, 1, 1], output_padding=[0, 0, 0], algo=ConvAlgo.MaskImplicitGemm)
                  (bn1): SyncBatchNorm(128, eps=0.001, momentum=0.01, affine=True, track_running_stats=True)
                  (relu): ReLU()
                )
              )
            )
          )
          (conv_decoder): ModuleList(
            (0): SparseSequential(
              (0): SparseInverseConv3d(128, 128, kernel_size=[3, 3, 3], stride=[1, 1, 1], padding=[0, 0, 0], dilation=[1, 1, 1], output_padding=[0, 0, 0], bias=False, algo=ConvAlgo.MaskImplicitGemm)
              (1): SyncBatchNorm(128, eps=0.001, momentum=0.01, affine=True, track_running_stats=True)
              (2): ReLU()
            )
          )
          (conv_decoder_norm): ModuleList(
            (0): SyncBatchNorm(128, eps=0.001, momentum=0.01, affine=True, track_running_stats=True)
          )
          (norm): LayerNorm((128,), eps=1e-05, elementwise_affine=True)
          (norm_back): LayerNorm((128,), eps=1e-05, elementwise_affine=True)
        )
      )
      (sub_dim): Sequential(
        (0): Conv2d(128, 80, kernel_size=(3, 3), stride=(1, 1), padding=(1, 1), bias=False)
        (1): SyncBatchNorm(80, eps=1e-05, momentum=0.1, affine=True, track_running_stats=True)
        (2): ReLU()
        (3): ConvTranspose2d(80, 80, kernel_size=(3, 3), stride=(2, 2), padding=(1, 1), output_padding=(1, 1), bias=False)
        (4): SyncBatchNorm(80, eps=1e-05, momentum=0.1, affine=True, track_running_stats=True)
        (5): ReLU()
      )
      (pos_embed_inter): Sequential(
        (0): Linear(in_features=9, out_features=128, bias=True)
        (1): SyncBatchNorm(128, eps=1e-05, momentum=0.1, affine=True, track_running_stats=True)
        (2): ReLU(inplace=True)
        (3): Linear(in_features=128, out_features=128, bias=True)
      )
      (mamba_downsample): Sequential(
        (0): Conv2d(80, 128, kernel_size=(3, 3), stride=(1, 1), padding=(1, 1), bias=False)
        (1): SyncBatchNorm(128, eps=1e-05, momentum=0.1, affine=True, track_running_stats=True)
        (2): ReLU(inplace=True)
        (3): Conv2d(128, 128, kernel_size=(3, 3), stride=(2, 2), padding=(1, 1), bias=False)
        (4): SyncBatchNorm(128, eps=1e-05, momentum=0.1, affine=True, track_running_stats=True)
        (5): ReLU(inplace=True)
        (6): Conv2d(128, 128, kernel_size=(3, 3), stride=(1, 1), padding=(1, 1), bias=False)
        (7): SyncBatchNorm(128, eps=1e-05, momentum=0.1, affine=True, track_running_stats=True)
        (8): ReLU(inplace=True)
      )
      (depthnet): Conv2d(256, 198, kernel_size=(1, 1), stride=(1, 1))
      (downsample): Identity()
    )
    (map_to_bev_module): PointPillarScatter3d()
    (fuser): ConvFuser(
      (conv): Sequential(
        (0): Conv2d(208, 128, kernel_size=(3, 3), stride=(1, 1), padding=(1, 1), bias=False)
        (1): SyncBatchNorm(128, eps=1e-05, momentum=0.1, affine=True, track_running_stats=True)
        (2): ReLU(inplace=True)
      )
      (modality_dropout): ModalityDropout()
      (sparse_spatial_gate): SparseMoESpatialGate(
        (router): Sequential(
          (0): Linear(in_features=208, out_features=128, bias=True)
          (1): SiLU(inplace=True)
          (2): Linear(in_features=128, out_features=3, bias=True)
        )
      )
    )
    (backbone_2d): BaseBEVResBackbone(
      (blocks): ModuleList(
        (0): Sequential(
          (0): BasicBlock(
            (conv1): Conv2d(128, 128, kernel_size=(3, 3), stride=(1, 1), padding=(1, 1), bias=False)
            (bn1): SyncBatchNorm(128, eps=0.001, momentum=0.01, affine=True, track_running_stats=True)
            (relu1): ReLU()
            (conv2): Conv2d(128, 128, kernel_size=(3, 3), stride=(1, 1), padding=(1, 1), bias=False)
            (bn2): SyncBatchNorm(128, eps=0.001, momentum=0.01, affine=True, track_running_stats=True)
            (relu2): ReLU()
            (downsample_layer): Sequential(
              (0): Conv2d(128, 128, kernel_size=(1, 1), stride=(1, 1), bias=False)
              (1): SyncBatchNorm(128, eps=0.001, momentum=0.01, affine=True, track_running_stats=True)
            )
          )
          (1): BasicBlock(
            (conv1): Conv2d(128, 128, kernel_size=(3, 3), stride=(1, 1), padding=(1, 1), bias=False)
            (bn1): SyncBatchNorm(128, eps=0.001, momentum=0.01, affine=True, track_running_stats=True)
            (relu1): ReLU()
            (conv2): Conv2d(128, 128, kernel_size=(3, 3), stride=(1, 1), padding=(1, 1), bias=False)
            (bn2): SyncBatchNorm(128, eps=0.001, momentum=0.01, affine=True, track_running_stats=True)
            (relu2): ReLU()
          )
        )
        (1): Sequential(
          (0): BasicBlock(
            (conv1): Conv2d(128, 128, kernel_size=(3, 3), stride=(2, 2), padding=(1, 1), bias=False)
            (bn1): SyncBatchNorm(128, eps=0.001, momentum=0.01, affine=True, track_running_stats=True)
            (relu1): ReLU()
            (conv2): Conv2d(128, 128, kernel_size=(3, 3), stride=(1, 1), padding=(1, 1), bias=False)
            (bn2): SyncBatchNorm(128, eps=0.001, momentum=0.01, affine=True, track_running_stats=True)
            (relu2): ReLU()
            (downsample_layer): Sequential(
              (0): Conv2d(128, 128, kernel_size=(1, 1), stride=(2, 2), bias=False)
              (1): SyncBatchNorm(128, eps=0.001, momentum=0.01, affine=True, track_running_stats=True)
            )
          )
          (1): BasicBlock(
            (conv1): Conv2d(128, 128, kernel_size=(3, 3), stride=(1, 1), padding=(1, 1), bias=False)
            (bn1): SyncBatchNorm(128, eps=0.001, momentum=0.01, affine=True, track_running_stats=True)
            (relu1): ReLU()
            (conv2): Conv2d(128, 128, kernel_size=(3, 3), stride=(1, 1), padding=(1, 1), bias=False)
            (bn2): SyncBatchNorm(128, eps=0.001, momentum=0.01, affine=True, track_running_stats=True)
            (relu2): ReLU()
          )
          (2): BasicBlock(
            (conv1): Conv2d(128, 128, kernel_size=(3, 3), stride=(1, 1), padding=(1, 1), bias=False)
            (bn1): SyncBatchNorm(128, eps=0.001, momentum=0.01, affine=True, track_running_stats=True)
            (relu1): ReLU()
            (conv2): Conv2d(128, 128, kernel_size=(3, 3), stride=(1, 1), padding=(1, 1), bias=False)
            (bn2): SyncBatchNorm(128, eps=0.001, momentum=0.01, affine=True, track_running_stats=True)
            (relu2): ReLU()
          )
        )
        (2): Sequential(
          (0): BasicBlock(
            (conv1): Conv2d(128, 256, kernel_size=(3, 3), stride=(2, 2), padding=(1, 1), bias=False)
            (bn1): SyncBatchNorm(256, eps=0.001, momentum=0.01, affine=True, track_running_stats=True)
            (relu1): ReLU()
            (conv2): Conv2d(256, 256, kernel_size=(3, 3), stride=(1, 1), padding=(1, 1), bias=False)
            (bn2): SyncBatchNorm(256, eps=0.001, momentum=0.01, affine=True, track_running_stats=True)
            (relu2): ReLU()
            (downsample_layer): Sequential(
              (0): Conv2d(128, 256, kernel_size=(1, 1), stride=(2, 2), bias=False)
              (1): SyncBatchNorm(256, eps=0.001, momentum=0.01, affine=True, track_running_stats=True)
            )
          )
          (1): BasicBlock(
            (conv1): Conv2d(256, 256, kernel_size=(3, 3), stride=(1, 1), padding=(1, 1), bias=False)
            (bn1): SyncBatchNorm(256, eps=0.001, momentum=0.01, affine=True, track_running_stats=True)
            (relu1): ReLU()
            (conv2): Conv2d(256, 256, kernel_size=(3, 3), stride=(1, 1), padding=(1, 1), bias=False)
            (bn2): SyncBatchNorm(256, eps=0.001, momentum=0.01, affine=True, track_running_stats=True)
            (relu2): ReLU()
          )
          (2): BasicBlock(
            (conv1): Conv2d(256, 256, kernel_size=(3, 3), stride=(1, 1), padding=(1, 1), bias=False)
            (bn1): SyncBatchNorm(256, eps=0.001, momentum=0.01, affine=True, track_running_stats=True)
            (relu1): ReLU()
            (conv2): Conv2d(256, 256, kernel_size=(3, 3), stride=(1, 1), padding=(1, 1), bias=False)
            (bn2): SyncBatchNorm(256, eps=0.001, momentum=0.01, affine=True, track_running_stats=True)
            (relu2): ReLU()
          )
        )
        (3): Sequential(
          (0): BasicBlock(
            (conv1): Conv2d(256, 256, kernel_size=(3, 3), stride=(2, 2), padding=(1, 1), bias=False)
            (bn1): SyncBatchNorm(256, eps=0.001, momentum=0.01, affine=True, track_running_stats=True)
            (relu1): ReLU()
            (conv2): Conv2d(256, 256, kernel_size=(3, 3), stride=(1, 1), padding=(1, 1), bias=False)
            (bn2): SyncBatchNorm(256, eps=0.001, momentum=0.01, affine=True, track_running_stats=True)
            (relu2): ReLU()
            (downsample_layer): Sequential(
              (0): Conv2d(256, 256, kernel_size=(1, 1), stride=(2, 2), bias=False)
              (1): SyncBatchNorm(256, eps=0.001, momentum=0.01, affine=True, track_running_stats=True)
            )
          )
          (1): BasicBlock(
            (conv1): Conv2d(256, 256, kernel_size=(3, 3), stride=(1, 1), padding=(1, 1), bias=False)
            (bn1): SyncBatchNorm(256, eps=0.001, momentum=0.01, affine=True, track_running_stats=True)
            (relu1): ReLU()
            (conv2): Conv2d(256, 256, kernel_size=(3, 3), stride=(1, 1), padding=(1, 1), bias=False)
            (bn2): SyncBatchNorm(256, eps=0.001, momentum=0.01, affine=True, track_running_stats=True)
            (relu2): ReLU()
          )
          (2): BasicBlock(
            (conv1): Conv2d(256, 256, kernel_size=(3, 3), stride=(1, 1), padding=(1, 1), bias=False)
            (bn1): SyncBatchNorm(256, eps=0.001, momentum=0.01, affine=True, track_running_stats=True)
            (relu1): ReLU()
            (conv2): Conv2d(256, 256, kernel_size=(3, 3), stride=(1, 1), padding=(1, 1), bias=False)
            (bn2): SyncBatchNorm(256, eps=0.001, momentum=0.01, affine=True, track_running_stats=True)
            (relu2): ReLU()
          )
        )
      )
      (deblocks): ModuleList(
        (0): Sequential(
          (0): Conv2d(128, 128, kernel_size=(2, 2), stride=(2, 2), bias=False)
          (1): SyncBatchNorm(128, eps=0.001, momentum=0.01, affine=True, track_running_stats=True)
          (2): ReLU()
        )
        (1): Sequential(
          (0): ConvTranspose2d(128, 128, kernel_size=(1, 1), stride=(1, 1), bias=False)
          (1): SyncBatchNorm(128, eps=0.001, momentum=0.01, affine=True, track_running_stats=True)
          (2): ReLU()
        )
        (2): Sequential(
          (0): ConvTranspose2d(256, 128, kernel_size=(2, 2), stride=(2, 2), bias=False)
          (1): SyncBatchNorm(128, eps=0.001, momentum=0.01, affine=True, track_running_stats=True)
          (2): ReLU()
        )
        (3): Sequential(
          (0): ConvTranspose2d(256, 128, kernel_size=(4, 4), stride=(4, 4), bias=False)
          (1): SyncBatchNorm(128, eps=0.001, momentum=0.01, affine=True, track_running_stats=True)
          (2): ReLU()
        )
      )
    )
    (dense_head): TransFusionHead(
      (loss_cls): SigmoidFocalClassificationLoss()
      (loss_bbox): L1Loss()
      (loss_heatmap): GaussianFocalLoss()
      (shared_conv): Conv2d(512, 128, kernel_size=(3, 3), stride=(1, 1), padding=(1, 1))
      (heatmap_head): Sequential(
        (0): BasicBlock2D(
          (conv): Conv2d(128, 128, kernel_size=(3, 3), stride=(1, 1), padding=(1, 1))
          (bn): SyncBatchNorm(128, eps=1e-05, momentum=0.1, affine=True, track_running_stats=True)
          (relu): ReLU(inplace=True)
        )
        (1): Conv2d(128, 10, kernel_size=(3, 3), stride=(1, 1), padding=(1, 1))
      )
      (class_encoding): Conv1d(10, 128, kernel_size=(1,), stride=(1,))
      (decoder): TransformerDecoderLayer(
        (self_attn): MultiheadAttention(
          (out_proj): NonDynamicallyQuantizableLinear(in_features=128, out_features=128, bias=True)
        )
        (multihead_attn): MultiheadAttention(
          (out_proj): NonDynamicallyQuantizableLinear(in_features=128, out_features=128, bias=True)
        )
        (linear1): Linear(in_features=128, out_features=256, bias=True)
        (dropout): Dropout(p=0.1, inplace=False)
        (linear2): Linear(in_features=256, out_features=128, bias=True)
        (norm1): LayerNorm((128,), eps=1e-05, elementwise_affine=True)
        (norm2): LayerNorm((128,), eps=1e-05, elementwise_affine=True)
        (norm3): LayerNorm((128,), eps=1e-05, elementwise_affine=True)
        (dropout1): Dropout(p=0.1, inplace=False)
        (dropout2): Dropout(p=0.1, inplace=False)
        (dropout3): Dropout(p=0.1, inplace=False)
        (self_posembed): PositionEmbeddingLearned(
          (position_embedding_head): Sequential(
            (0): Conv1d(2, 128, kernel_size=(1,), stride=(1,))
            (1): SyncBatchNorm(128, eps=1e-05, momentum=0.1, affine=True, track_running_stats=True)
            (2): ReLU(inplace=True)
            (3): Conv1d(128, 128, kernel_size=(1,), stride=(1,))
          )
        )
        (cross_posembed): PositionEmbeddingLearned(
          (position_embedding_head): Sequential(
            (0): Conv1d(2, 128, kernel_size=(1,), stride=(1,))
            (1): SyncBatchNorm(128, eps=1e-05, momentum=0.1, affine=True, track_running_stats=True)
            (2): ReLU(inplace=True)
            (3): Conv1d(128, 128, kernel_size=(1,), stride=(1,))
          )
        )
      )
      (prediction_head): SeparateHead_Transfusion(
        (center): Sequential(
          (0): Sequential(
            (0): Conv1d(128, 64, kernel_size=(1,), stride=(1,))
            (1): SyncBatchNorm(64, eps=1e-05, momentum=0.1, affine=True, track_running_stats=True)
            (2): ReLU()
          )
          (1): Conv1d(64, 2, kernel_size=(1,), stride=(1,))
        )
        (height): Sequential(
          (0): Sequential(
            (0): Conv1d(128, 64, kernel_size=(1,), stride=(1,))
            (1): SyncBatchNorm(64, eps=1e-05, momentum=0.1, affine=True, track_running_stats=True)
            (2): ReLU()
          )
          (1): Conv1d(64, 1, kernel_size=(1,), stride=(1,))
        )
        (dim): Sequential(
          (0): Sequential(
            (0): Conv1d(128, 64, kernel_size=(1,), stride=(1,))
            (1): SyncBatchNorm(64, eps=1e-05, momentum=0.1, affine=True, track_running_stats=True)
            (2): ReLU()
          )
          (1): Conv1d(64, 3, kernel_size=(1,), stride=(1,))
        )
        (rot): Sequential(
          (0): Sequential(
            (0): Conv1d(128, 64, kernel_size=(1,), stride=(1,))
            (1): SyncBatchNorm(64, eps=1e-05, momentum=0.1, affine=True, track_running_stats=True)
            (2): ReLU()
          )
          (1): Conv1d(64, 2, kernel_size=(1,), stride=(1,))
        )
        (vel): Sequential(
          (0): Sequential(
            (0): Conv1d(128, 64, kernel_size=(1,), stride=(1,))
            (1): SyncBatchNorm(64, eps=1e-05, momentum=0.1, affine=True, track_running_stats=True)
            (2): ReLU()
          )
          (1): Conv1d(64, 2, kernel_size=(1,), stride=(1,))
        )
        (iou): Sequential(
          (0): Sequential(
            (0): Conv1d(128, 64, kernel_size=(1,), stride=(1,))
            (1): SyncBatchNorm(64, eps=1e-05, momentum=0.1, affine=True, track_running_stats=True)
            (2): ReLU()
          )
          (1): Conv1d(64, 1, kernel_size=(1,), stride=(1,))
        )
        (heatmap): Sequential(
          (0): Sequential(
            (0): Conv1d(128, 64, kernel_size=(1,), stride=(1,))
            (1): SyncBatchNorm(64, eps=1e-05, momentum=0.1, affine=True, track_running_stats=True)
            (2): ReLU()
          )
          (1): Conv1d(64, 10, kernel_size=(1,), stride=(1,))
        )
      )
    )
  )
)
2026-03-23 11:12:58,340   INFO  **********************Start training mambafusion_models/mamba_fusion(train-1)**********************
2026-03-23 11:13:28,367   INFO  Train:    1/10 ( 10%) [   0/30895 (  0%)]  Loss: 1308. (1.31e+03)  loss_hm=1294.6808, loss_cls=5.1706, loss_bbox=7.3633, matched_ious=0.0149, loss_iou=0.3378, loss_iou_reg=0.4774, d_time=2.53(2.53), f_time=26.42(26.42), b_time=28.95(28.95)  LR: 1.500e-04  Time cost: 00:29/249:48:25 [00:30/2498:04:17]  Acc_iter 1           Data time: 2.53(2.53)  Forward time: 26.42(26.42)  Batch time: 28.95(28.95)
2026-03-23 11:18:03,557   INFO  Save latest model to /home/bkai/xry/MambaFusion-main/output/mambafusion_models/mamba_fusion/train-1/ckpt/latest_model
2026-03-23 11:23:04,962   INFO  Save latest model to /home/bkai/xry/MambaFusion-main/output/mambafusion_models/mamba_fusion/train-1/ckpt/latest_model
2026-03-23 11:28:03,993   INFO  Save latest model to /home/bkai/xry/MambaFusion-main/output/mambafusion_models/mamba_fusion/train-1/ckpt/latest_model
2026-03-23 11:33:03,988   INFO  Save latest model to /home/bkai/xry/MambaFusion-main/output/mambafusion_models/mamba_fusion/train-1/ckpt/latest_model
2026-03-23 11:38:03,449   INFO  Save latest model to /home/bkai/xry/MambaFusion-main/output/mambafusion_models/mamba_fusion/train-1/ckpt/latest_model
2026-03-23 11:43:04,549   INFO  Save latest model to /home/bkai/xry/MambaFusion-main/output/mambafusion_models/mamba_fusion/train-1/ckpt/latest_model
2026-03-23 11:48:04,144   INFO  Save latest model to /home/bkai/xry/MambaFusion-main/output/mambafusion_models/mamba_fusion/train-1/ckpt/latest_model
2026-03-23 11:53:05,324   INFO  Save latest model to /home/bkai/xry/MambaFusion-main/output/mambafusion_models/mamba_fusion/train-1/ckpt/latest_model
2026-03-23 11:58:01,882   INFO  Save latest model to /home/bkai/xry/MambaFusion-main/output/mambafusion_models/mamba_fusion/train-1/ckpt/latest_model
2026-03-23 12:03:00,969   INFO  Save latest model to /home/bkai/xry/MambaFusion-main/output/mambafusion_models/mamba_fusion/train-1/ckpt/latest_model
2026-03-23 12:08:01,493   INFO  Save latest model to /home/bkai/xry/MambaFusion-main/output/mambafusion_models/mamba_fusion/train-1/ckpt/latest_model
2026-03-23 12:13:03,312   INFO  Save latest model to /home/bkai/xry/MambaFusion-main/output/mambafusion_models/mamba_fusion/train-1/ckpt/latest_model
2026-03-23 12:18:02,086   INFO  Save latest model to /home/bkai/xry/MambaFusion-main/output/mambafusion_models/mamba_fusion/train-1/ckpt/latest_model
2026-03-23 12:23:02,009   INFO  Save latest model to /home/bkai/xry/MambaFusion-main/output/mambafusion_models/mamba_fusion/train-1/ckpt/latest_model
2026-03-23 12:28:07,274   INFO  Save latest model to /home/bkai/xry/MambaFusion-main/output/mambafusion_models/mamba_fusion/train-1/ckpt/latest_model
2026-03-23 12:33:06,962   INFO  Save latest model to /home/bkai/xry/MambaFusion-main/output/mambafusion_models/mamba_fusion/train-1/ckpt/latest_model
2026-03-23 12:38:05,332   INFO  Save latest model to /home/bkai/xry/MambaFusion-main/output/mambafusion_models/mamba_fusion/train-1/ckpt/latest_model
2026-03-23 12:43:03,485   INFO  Save latest model to /home/bkai/xry/MambaFusion-main/output/mambafusion_models/mamba_fusion/train-1/ckpt/latest_model
2026-03-23 12:48:01,709   INFO  Save latest model to /home/bkai/xry/MambaFusion-main/output/mambafusion_models/mamba_fusion/train-1/ckpt/latest_model
2026-03-23 12:53:01,130   INFO  Save latest model to /home/bkai/xry/MambaFusion-main/output/mambafusion_models/mamba_fusion/train-1/ckpt/latest_model
2026-03-23 12:58:02,208   INFO  Save latest model to /home/bkai/xry/MambaFusion-main/output/mambafusion_models/mamba_fusion/train-1/ckpt/latest_model
2026-03-23 13:03:06,126   INFO  Save latest model to /home/bkai/xry/MambaFusion-main/output/mambafusion_models/mamba_fusion/train-1/ckpt/latest_model
2026-03-23 13:06:00,933   INFO  Train:    1/10 ( 10%) [ 999/30895 (  3%)]  Loss: 6.179 (62.0)  loss_hm=52.0553, loss_cls=2.8997, loss_bbox=5.2193, matched_ious=0.0652, loss_iou=0.1744, loss_iou_reg=0.3560, d_time=0.18(0.20), f_time=7.16(6.58), b_time=7.34(6.78)  LR: 1.535e-04  Time cost: 1:53:01/56:19:04 [1:53:02/580:07:03]  Acc_iter 1000        Data time: 0.18(0.20)  Forward time: 7.16(6.58)  Batch time: 7.34(6.78)
2026-03-23 13:08:06,257   INFO  Save latest model to /home/bkai/xry/MambaFusion-main/output/mambafusion_models/mamba_fusion/train-1/ckpt/latest_model
2026-03-23 13:13:02,547   INFO  Save latest model to /home/bkai/xry/MambaFusion-main/output/mambafusion_models/mamba_fusion/train-1/ckpt/latest_model
2026-03-23 13:18:06,815   INFO  Save latest model to /home/bkai/xry/MambaFusion-main/output/mambafusion_models/mamba_fusion/train-1/ckpt/latest_model
2026-03-23 13:23:03,699   INFO  Save latest model to /home/bkai/xry/MambaFusion-main/output/mambafusion_models/mamba_fusion/train-1/ckpt/latest_model
2026-03-23 13:28:01,388   INFO  Save latest model to /home/bkai/xry/MambaFusion-main/output/mambafusion_models/mamba_fusion/train-1/ckpt/latest_model
2026-03-23 13:33:03,373   INFO  Save latest model to /home/bkai/xry/MambaFusion-main/output/mambafusion_models/mamba_fusion/train-1/ckpt/latest_model
2026-03-23 13:38:03,261   INFO  Save latest model to /home/bkai/xry/MambaFusion-main/output/mambafusion_models/mamba_fusion/train-1/ckpt/latest_model
2026-03-23 13:43:00,682   INFO  Save latest model to /home/bkai/xry/MambaFusion-main/output/mambafusion_models/mamba_fusion/train-1/ckpt/latest_model
2026-03-23 13:48:02,666   INFO  Save latest model to /home/bkai/xry/MambaFusion-main/output/mambafusion_models/mamba_fusion/train-1/ckpt/latest_model
2026-03-23 13:53:05,016   INFO  Save latest model to /home/bkai/xry/MambaFusion-main/output/mambafusion_models/mamba_fusion/train-1/ckpt/latest_model
2026-03-23 13:58:04,796   INFO  Save latest model to /home/bkai/xry/MambaFusion-main/output/mambafusion_models/mamba_fusion/train-1/ckpt/latest_model
2026-03-23 14:03:02,384   INFO  Save latest model to /home/bkai/xry/MambaFusion-main/output/mambafusion_models/mamba_fusion/train-1/ckpt/latest_model
2026-03-23 14:08:00,757   INFO  Save latest model to /home/bkai/xry/MambaFusion-main/output/mambafusion_models/mamba_fusion/train-1/ckpt/latest_model
2026-03-23 14:13:03,354   INFO  Save latest model to /home/bkai/xry/MambaFusion-main/output/mambafusion_models/mamba_fusion/train-1/ckpt/latest_model
2026-03-23 14:18:06,139   INFO  Save latest model to /home/bkai/xry/MambaFusion-main/output/mambafusion_models/mamba_fusion/train-1/ckpt/latest_model
2026-03-23 14:23:01,857   INFO  Save latest model to /home/bkai/xry/MambaFusion-main/output/mambafusion_models/mamba_fusion/train-1/ckpt/latest_model
2026-03-23 14:28:07,501   INFO  Save latest model to /home/bkai/xry/MambaFusion-main/output/mambafusion_models/mamba_fusion/train-1/ckpt/latest_model
2026-03-23 14:33:07,180   INFO  Save latest model to /home/bkai/xry/MambaFusion-main/output/mambafusion_models/mamba_fusion/train-1/ckpt/latest_model
2026-03-23 14:38:00,593   INFO  Save latest model to /home/bkai/xry/MambaFusion-main/output/mambafusion_models/mamba_fusion/train-1/ckpt/latest_model
2026-03-23 14:43:05,027   INFO  Save latest model to /home/bkai/xry/MambaFusion-main/output/mambafusion_models/mamba_fusion/train-1/ckpt/latest_model
2026-03-23 14:48:02,804   INFO  Save latest model to /home/bkai/xry/MambaFusion-main/output/mambafusion_models/mamba_fusion/train-1/ckpt/latest_model
2026-03-23 14:53:02,466   INFO  Save latest model to /home/bkai/xry/MambaFusion-main/output/mambafusion_models/mamba_fusion/train-1/ckpt/latest_model
2026-03-23 14:58:01,715   INFO  Save latest model to /home/bkai/xry/MambaFusion-main/output/mambafusion_models/mamba_fusion/train-1/ckpt/latest_model
2026-03-23 14:58:49,153   INFO  Train:    1/10 ( 10%) [1999/30895 (  6%)]  Loss: 2.919 (33.1)  loss_hm=1.3708, loss_cls=0.7120, loss_bbox=1.7610, matched_ious=0.2096, loss_iou=0.1041, loss_iou_reg=0.3608, d_time=0.19(0.20), f_time=6.94(6.58), b_time=7.13(6.77)  LR: 1.639e-04  Time cost: 3:45:49/54:22:48 [3:45:50/577:39:36]  Acc_iter 2000        Data time: 0.19(0.20)  Forward time: 6.94(6.58)  Batch time: 7.13(6.77)
2026-03-23 15:03:05,540   INFO  Save latest model to /home/bkai/xry/MambaFusion-main/output/mambafusion_models/mamba_fusion/train-1/ckpt/latest_model
2026-03-23 15:08:04,140   INFO  Save latest model to /home/bkai/xry/MambaFusion-main/output/mambafusion_models/mamba_fusion/train-1/ckpt/latest_model
2026-03-23 15:13:00,914   INFO  Save latest model to /home/bkai/xry/MambaFusion-main/output/mambafusion_models/mamba_fusion/train-1/ckpt/latest_model
2026-03-23 15:18:02,719   INFO  Save latest model to /home/bkai/xry/MambaFusion-main/output/mambafusion_models/mamba_fusion/train-1/ckpt/latest_model
2026-03-23 15:23:04,853   INFO  Save latest model to /home/bkai/xry/MambaFusion-main/output/mambafusion_models/mamba_fusion/train-1/ckpt/latest_model
2026-03-23 15:28:03,952   INFO  Save latest model to /home/bkai/xry/MambaFusion-main/output/mambafusion_models/mamba_fusion/train-1/ckpt/latest_model
2026-03-23 15:33:01,259   INFO  Save latest model to /home/bkai/xry/MambaFusion-main/output/mambafusion_models/mamba_fusion/train-1/ckpt/latest_model
2026-03-23 15:38:01,536   INFO  Save latest model to /home/bkai/xry/MambaFusion-main/output/mambafusion_models/mamba_fusion/train-1/ckpt/latest_model
2026-03-23 15:43:03,203   INFO  Save latest model to /home/bkai/xry/MambaFusion-main/output/mambafusion_models/mamba_fusion/train-1/ckpt/latest_model
2026-03-23 15:48:07,167   INFO  Save latest model to /home/bkai/xry/MambaFusion-main/output/mambafusion_models/mamba_fusion/train-1/ckpt/latest_model
2026-03-23 15:53:02,286   INFO  Save latest model to /home/bkai/xry/MambaFusion-main/output/mambafusion_models/mamba_fusion/train-1/ckpt/latest_model
2026-03-23 15:58:02,524   INFO  Save latest model to /home/bkai/xry/MambaFusion-main/output/mambafusion_models/mamba_fusion/train-1/ckpt/latest_model
2026-03-23 16:03:05,671   INFO  Save latest model to /home/bkai/xry/MambaFusion-main/output/mambafusion_models/mamba_fusion/train-1/ckpt/latest_model
2026-03-23 16:08:04,138   INFO  Save latest model to /home/bkai/xry/MambaFusion-main/output/mambafusion_models/mamba_fusion/train-1/ckpt/latest_model
2026-03-23 16:13:02,711   INFO  Save latest model to /home/bkai/xry/MambaFusion-main/output/mambafusion_models/mamba_fusion/train-1/ckpt/latest_model
2026-03-23 16:18:04,493   INFO  Save latest model to /home/bkai/xry/MambaFusion-main/output/mambafusion_models/mamba_fusion/train-1/ckpt/latest_model
2026-03-23 16:23:03,181   INFO  Save latest model to /home/bkai/xry/MambaFusion-main/output/mambafusion_models/mamba_fusion/train-1/ckpt/latest_model
2026-03-23 16:28:05,463   INFO  Save latest model to /home/bkai/xry/MambaFusion-main/output/mambafusion_models/mamba_fusion/train-1/ckpt/latest_model
2026-03-23 16:33:01,872   INFO  Save latest model to /home/bkai/xry/MambaFusion-main/output/mambafusion_models/mamba_fusion/train-1/ckpt/latest_model
2026-03-23 16:38:06,006   INFO  Save latest model to /home/bkai/xry/MambaFusion-main/output/mambafusion_models/mamba_fusion/train-1/ckpt/latest_model
2026-03-23 16:43:05,690   INFO  Save latest model to /home/bkai/xry/MambaFusion-main/output/mambafusion_models/mamba_fusion/train-1/ckpt/latest_model
2026-03-23 16:48:06,569   INFO  Save latest model to /home/bkai/xry/MambaFusion-main/output/mambafusion_models/mamba_fusion/train-1/ckpt/latest_model
2026-03-23 16:51:10,848   INFO  Train:    1/10 ( 10%) [2999/30895 ( 10%)]  Loss: 2.697 (23.2)  loss_hm=1.1227, loss_cls=0.3651, loss_bbox=1.4510, matched_ious=0.2706, loss_iou=0.1069, loss_iou_reg=0.3242, d_time=0.20(0.20), f_time=5.99(6.56), b_time=6.19(6.76)  LR: 1.811e-04  Time cost: 5:38:11/52:24:44 [5:38:12/574:50:10]  Acc_iter 3000        Data time: 0.20(0.20)  Forward time: 5.99(6.56)  Batch time: 6.19(6.76)
2026-03-23 16:51:11,013   INFO  
2026-03-23 16:53:04,989   INFO  Save latest model to /home/bkai/xry/MambaFusion-main/output/mambafusion_models/mamba_fusion/train-1/ckpt/latest_model
2026-03-23 16:58:05,852   INFO  Save latest model to /home/bkai/xry/MambaFusion-main/output/mambafusion_models/mamba_fusion/train-1/ckpt/latest_model
2026-03-23 17:03:03,540   INFO  Save latest model to /home/bkai/xry/MambaFusion-main/output/mambafusion_models/mamba_fusion/train-1/ckpt/latest_model
2026-03-23 17:08:05,029   INFO  Save latest model to /home/bkai/xry/MambaFusion-main/output/mambafusion_models/mamba_fusion/train-1/ckpt/latest_model
2026-03-23 17:13:05,984   INFO  Save latest model to /home/bkai/xry/MambaFusion-main/output/mambafusion_models/mamba_fusion/train-1/ckpt/latest_model
2026-03-23 17:18:00,721   INFO  Save latest model to /home/bkai/xry/MambaFusion-main/output/mambafusion_models/mamba_fusion/train-1/ckpt/latest_model
2026-03-23 17:23:02,916   INFO  Save latest model to /home/bkai/xry/MambaFusion-main/output/mambafusion_models/mamba_fusion/train-1/ckpt/latest_model
2026-03-23 17:28:06,127   INFO  Save latest model to /home/bkai/xry/MambaFusion-main/output/mambafusion_models/mamba_fusion/train-1/ckpt/latest_model
2026-03-23 17:33:01,719   INFO  Save latest model to /home/bkai/xry/MambaFusion-main/output/mambafusion_models/mamba_fusion/train-1/ckpt/latest_model
2026-03-23 17:38:01,677   INFO  Save latest model to /home/bkai/xry/MambaFusion-main/output/mambafusion_models/mamba_fusion/train-1/ckpt/latest_model
2026-03-23 17:43:05,775   INFO  Save latest model to /home/bkai/xry/MambaFusion-main/output/mambafusion_models/mamba_fusion/train-1/ckpt/latest_model
2026-03-23 17:48:06,474   INFO  Save latest model to /home/bkai/xry/MambaFusion-main/output/mambafusion_models/mamba_fusion/train-1/ckpt/latest_model
2026-03-23 17:53:02,006   INFO  Save latest model to /home/bkai/xry/MambaFusion-main/output/mambafusion_models/mamba_fusion/train-1/ckpt/latest_model
2026-03-23 17:58:04,643   INFO  Save latest model to /home/bkai/xry/MambaFusion-main/output/mambafusion_models/mamba_fusion/train-1/ckpt/latest_model
2026-03-23 18:03:02,639   INFO  Save latest model to /home/bkai/xry/MambaFusion-main/output/mambafusion_models/mamba_fusion/train-1/ckpt/latest_model
2026-03-23 18:08:07,763   INFO  Save latest model to /home/bkai/xry/MambaFusion-main/output/mambafusion_models/mamba_fusion/train-1/ckpt/latest_model
2026-03-23 18:13:05,206   INFO  Save latest model to /home/bkai/xry/MambaFusion-main/output/mambafusion_models/mamba_fusion/train-1/ckpt/latest_model
2026-03-23 18:18:00,725   INFO  Save latest model to /home/bkai/xry/MambaFusion-main/output/mambafusion_models/mamba_fusion/train-1/ckpt/latest_model
2026-03-23 18:23:08,147   INFO  Save latest model to /home/bkai/xry/MambaFusion-main/output/mambafusion_models/mamba_fusion/train-1/ckpt/latest_model
2026-03-23 18:28:01,862   INFO  Save latest model to /home/bkai/xry/MambaFusion-main/output/mambafusion_models/mamba_fusion/train-1/ckpt/latest_model
2026-03-23 18:33:05,672   INFO  Save latest model to /home/bkai/xry/MambaFusion-main/output/mambafusion_models/mamba_fusion/train-1/ckpt/latest_model
2026-03-23 18:38:07,368   INFO  Save latest model to /home/bkai/xry/MambaFusion-main/output/mambafusion_models/mamba_fusion/train-1/ckpt/latest_model
2026-03-23 18:42:27,432   INFO  Train:    1/10 ( 10%) [3999/30895 ( 13%)]  Loss: 3.245 (18.2)  loss_hm=1.0039, loss_cls=0.2703, loss_bbox=1.3759, matched_ious=0.2878, loss_iou=0.1091, loss_iou_reg=0.3097, d_time=0.19(0.20), f_time=7.08(6.54), b_time=7.27(6.74)  LR: 2.050e-04  Time cost: 7:29:28/50:22:13 [7:29:29/571:06:32]  Acc_iter 4000        Data time: 0.19(0.20)  Forward time: 7.08(6.54)  Batch time: 7.27(6.74)
2026-03-23 18:43:01,660   INFO  Save latest model to /home/bkai/xry/MambaFusion-main/output/mambafusion_models/mamba_fusion/train-1/ckpt/latest_model
2026-03-23 18:48:01,732   INFO  Save latest model to /home/bkai/xry/MambaFusion-main/output/mambafusion_models/mamba_fusion/train-1/ckpt/latest_model
2026-03-23 18:53:01,129   INFO  Save latest model to /home/bkai/xry/MambaFusion-main/output/mambafusion_models/mamba_fusion/train-1/ckpt/latest_model
2026-03-23 18:58:04,025   INFO  Save latest model to /home/bkai/xry/MambaFusion-main/output/mambafusion_models/mamba_fusion/train-1/ckpt/latest_model
2026-03-23 19:03:06,205   INFO  Save latest model to /home/bkai/xry/MambaFusion-main/output/mambafusion_models/mamba_fusion/train-1/ckpt/latest_model
2026-03-23 19:08:05,038   INFO  Save latest model to /home/bkai/xry/MambaFusion-main/output/mambafusion_models/mamba_fusion/train-1/ckpt/latest_model
2026-03-23 19:13:02,672   INFO  Save latest model to /home/bkai/xry/MambaFusion-main/output/mambafusion_models/mamba_fusion/train-1/ckpt/latest_model
2026-03-23 19:18:05,422   INFO  Save latest model to /home/bkai/xry/MambaFusion-main/output/mambafusion_models/mamba_fusion/train-1/ckpt/latest_model
2026-03-23 19:23:00,963   INFO  Save latest model to /home/bkai/xry/MambaFusion-main/output/mambafusion_models/mamba_fusion/train-1/ckpt/latest_model
2026-03-23 19:28:04,436   INFO  Save latest model to /home/bkai/xry/MambaFusion-main/output/mambafusion_models/mamba_fusion/train-1/ckpt/latest_model
2026-03-23 19:33:02,940   INFO  Save latest model to /home/bkai/xry/MambaFusion-main/output/mambafusion_models/mamba_fusion/train-1/ckpt/latest_model
2026-03-23 19:38:03,033   INFO  Save latest model to /home/bkai/xry/MambaFusion-main/output/mambafusion_models/mamba_fusion/train-1/ckpt/latest_model
2026-03-23 19:43:03,528   INFO  Save latest model to /home/bkai/xry/MambaFusion-main/output/mambafusion_models/mamba_fusion/train-1/ckpt/latest_model
2026-03-23 19:48:04,188   INFO  Save latest model to /home/bkai/xry/MambaFusion-main/output/mambafusion_models/mamba_fusion/train-1/ckpt/latest_model
2026-03-23 19:53:00,559   INFO  Save latest model to /home/bkai/xry/MambaFusion-main/output/mambafusion_models/mamba_fusion/train-1/ckpt/latest_model
2026-03-23 19:58:02,699   INFO  Save latest model to /home/bkai/xry/MambaFusion-main/output/mambafusion_models/mamba_fusion/train-1/ckpt/latest_model
2026-03-23 20:03:01,302   INFO  Save latest model to /home/bkai/xry/MambaFusion-main/output/mambafusion_models/mamba_fusion/train-1/ckpt/latest_model
2026-03-23 20:08:05,469   INFO  Save latest model to /home/bkai/xry/MambaFusion-main/output/mambafusion_models/mamba_fusion/train-1/ckpt/latest_model
2026-03-23 20:13:02,854   INFO  Save latest model to /home/bkai/xry/MambaFusion-main/output/mambafusion_models/mamba_fusion/train-1/ckpt/latest_model
2026-03-23 20:18:07,207   INFO  Save latest model to /home/bkai/xry/MambaFusion-main/output/mambafusion_models/mamba_fusion/train-1/ckpt/latest_model
2026-03-23 20:23:02,263   INFO  Save latest model to /home/bkai/xry/MambaFusion-main/output/mambafusion_models/mamba_fusion/train-1/ckpt/latest_model
2026-03-23 20:28:02,860   INFO  Save latest model to /home/bkai/xry/MambaFusion-main/output/mambafusion_models/mamba_fusion/train-1/ckpt/latest_model
2026-03-23 20:33:03,072   INFO  Save latest model to /home/bkai/xry/MambaFusion-main/output/mambafusion_models/mamba_fusion/train-1/ckpt/latest_model
2026-03-23 20:33:58,819   INFO  Train:    1/10 ( 10%) [4999/30895 ( 16%)]  Loss: 2.758 (15.1)  loss_hm=0.9256, loss_cls=0.2281, loss_bbox=1.3403, matched_ious=0.3061, loss_iou=0.1100, loss_iou_reg=0.3013, d_time=0.19(0.20), f_time=5.73(6.53), b_time=5.92(6.73)  LR: 2.353e-04  Time cost: 9:20:59/48:25:29 [9:21:00/568:22:51]  Acc_iter 5000        Data time: 0.19(0.20)  Forward time: 5.73(6.53)  Batch time: 5.92(6.73)
2026-03-23 20:38:05,945   INFO  Save latest model to /home/bkai/xry/MambaFusion-main/output/mambafusion_models/mamba_fusion/train-1/ckpt/latest_model
2026-03-23 20:43:07,587   INFO  Save latest model to /home/bkai/xry/MambaFusion-main/output/mambafusion_models/mamba_fusion/train-1/ckpt/latest_model
2026-03-23 20:48:07,500   INFO  Save latest model to /home/bkai/xry/MambaFusion-main/output/mambafusion_models/mamba_fusion/train-1/ckpt/latest_model
2026-03-23 20:53:07,823   INFO  Save latest model to /home/bkai/xry/MambaFusion-main/output/mambafusion_models/mamba_fusion/train-1/ckpt/latest_model
2026-03-23 20:58:05,665   INFO  Save latest model to /home/bkai/xry/MambaFusion-main/output/mambafusion_models/mamba_fusion/train-1/ckpt/latest_model
2026-03-23 21:03:05,048   INFO  Save latest model to /home/bkai/xry/MambaFusion-main/output/mambafusion_models/mamba_fusion/train-1/ckpt/latest_model
2026-03-23 21:08:06,249   INFO  Save latest model to /home/bkai/xry/MambaFusion-main/output/mambafusion_models/mamba_fusion/train-1/ckpt/latest_model
2026-03-23 21:13:01,242   INFO  Save latest model to /home/bkai/xry/MambaFusion-main/output/mambafusion_models/mamba_fusion/train-1/ckpt/latest_model
2026-03-23 21:18:00,820   INFO  Save latest model to /home/bkai/xry/MambaFusion-main/output/mambafusion_models/mamba_fusion/train-1/ckpt/latest_model
2026-03-23 21:23:01,214   INFO  Save latest model to /home/bkai/xry/MambaFusion-main/output/mambafusion_models/mamba_fusion/train-1/ckpt/latest_model
2026-03-23 21:28:07,104   INFO  Save latest model to /home/bkai/xry/MambaFusion-main/output/mambafusion_models/mamba_fusion/train-1/ckpt/latest_model
2026-03-23 21:33:03,158   INFO  Save latest model to /home/bkai/xry/MambaFusion-main/output/mambafusion_models/mamba_fusion/train-1/ckpt/latest_model
2026-03-23 21:38:07,103   INFO  Save latest model to /home/bkai/xry/MambaFusion-main/output/mambafusion_models/mamba_fusion/train-1/ckpt/latest_model
2026-03-23 21:43:07,775   INFO  Save latest model to /home/bkai/xry/MambaFusion-main/output/mambafusion_models/mamba_fusion/train-1/ckpt/latest_model
2026-03-23 21:48:04,691   INFO  Save latest model to /home/bkai/xry/MambaFusion-main/output/mambafusion_models/mamba_fusion/train-1/ckpt/latest_model
2026-03-23 21:53:05,545   INFO  Save latest model to /home/bkai/xry/MambaFusion-main/output/mambafusion_models/mamba_fusion/train-1/ckpt/latest_model
2026-03-23 21:58:00,578   INFO  Save latest model to /home/bkai/xry/MambaFusion-main/output/mambafusion_models/mamba_fusion/train-1/ckpt/latest_model
2026-03-23 22:03:01,388   INFO  Save latest model to /home/bkai/xry/MambaFusion-main/output/mambafusion_models/mamba_fusion/train-1/ckpt/latest_model
2026-03-23 22:08:01,430   INFO  Save latest model to /home/bkai/xry/MambaFusion-main/output/mambafusion_models/mamba_fusion/train-1/ckpt/latest_model
2026-03-23 22:13:06,975   INFO  Save latest model to /home/bkai/xry/MambaFusion-main/output/mambafusion_models/mamba_fusion/train-1/ckpt/latest_model
2026-03-23 22:18:02,972   INFO  Save latest model to /home/bkai/xry/MambaFusion-main/output/mambafusion_models/mamba_fusion/train-1/ckpt/latest_model
2026-03-23 22:23:03,584   INFO  Save latest model to /home/bkai/xry/MambaFusion-main/output/mambafusion_models/mamba_fusion/train-1/ckpt/latest_model
2026-03-23 22:25:18,513   INFO  Train:    1/10 ( 10%) [5999/30895 ( 19%)]  Loss: 2.865 (13.1)  loss_hm=0.8894, loss_cls=0.2060, loss_bbox=1.2898, matched_ious=0.3249, loss_iou=0.1124, loss_iou_reg=0.2947, d_time=0.19(0.20), f_time=6.21(6.53), b_time=6.39(6.72)  LR: 2.717e-04  Time cost: 11:12:19/46:29:41 [11:12:20/565:46:42]  Acc_iter 6000        Data time: 0.19(0.20)  Forward time: 6.21(6.53)  Batch time: 6.39(6.72)
2026-03-23 22:25:18,674   INFO  
2026-03-23 22:28:06,956   INFO  Save latest model to /home/bkai/xry/MambaFusion-main/output/mambafusion_models/mamba_fusion/train-1/ckpt/latest_model
2026-03-23 22:33:06,593   INFO  Save latest model to /home/bkai/xry/MambaFusion-main/output/mambafusion_models/mamba_fusion/train-1/ckpt/latest_model
2026-03-23 22:38:05,579   INFO  Save latest model to /home/bkai/xry/MambaFusion-main/output/mambafusion_models/mamba_fusion/train-1/ckpt/latest_model
2026-03-23 22:43:03,934   INFO  Save latest model to /home/bkai/xry/MambaFusion-main/output/mambafusion_models/mamba_fusion/train-1/ckpt/latest_model
2026-03-23 22:48:03,626   INFO  Save latest model to /home/bkai/xry/MambaFusion-main/output/mambafusion_models/mamba_fusion/train-1/ckpt/latest_model
2026-03-23 22:53:03,099   INFO  Save latest model to /home/bkai/xry/MambaFusion-main/output/mambafusion_models/mamba_fusion/train-1/ckpt/latest_model
2026-03-23 22:58:07,794   INFO  Save latest model to /home/bkai/xry/MambaFusion-main/output/mambafusion_models/mamba_fusion/train-1/ckpt/latest_model
2026-03-23 23:03:00,609   INFO  Save latest model to /home/bkai/xry/MambaFusion-main/output/mambafusion_models/mamba_fusion/train-1/ckpt/latest_model
2026-03-23 23:08:03,750   INFO  Save latest model to /home/bkai/xry/MambaFusion-main/output/mambafusion_models/mamba_fusion/train-1/ckpt/latest_model
2026-03-23 23:13:05,752   INFO  Save latest model to /home/bkai/xry/MambaFusion-main/output/mambafusion_models/mamba_fusion/train-1/ckpt/latest_model
2026-03-23 23:18:01,503   INFO  Save latest model to /home/bkai/xry/MambaFusion-main/output/mambafusion_models/mamba_fusion/train-1/ckpt/latest_model
2026-03-23 23:23:02,003   INFO  Save latest model to /home/bkai/xry/MambaFusion-main/output/mambafusion_models/mamba_fusion/train-1/ckpt/latest_model
2026-03-23 23:28:05,582   INFO  Save latest model to /home/bkai/xry/MambaFusion-main/output/mambafusion_models/mamba_fusion/train-1/ckpt/latest_model
2026-03-23 23:33:05,996   INFO  Save latest model to /home/bkai/xry/MambaFusion-main/output/mambafusion_models/mamba_fusion/train-1/ckpt/latest_model
2026-03-23 23:38:02,267   INFO  Save latest model to /home/bkai/xry/MambaFusion-main/output/mambafusion_models/mamba_fusion/train-1/ckpt/latest_model
2026-03-23 23:43:03,540   INFO  Save latest model to /home/bkai/xry/MambaFusion-main/output/mambafusion_models/mamba_fusion/train-1/ckpt/latest_model
2026-03-23 23:48:06,363   INFO  Save latest model to /home/bkai/xry/MambaFusion-main/output/mambafusion_models/mamba_fusion/train-1/ckpt/latest_model
2026-03-23 23:53:05,904   INFO  Save latest model to /home/bkai/xry/MambaFusion-main/output/mambafusion_models/mamba_fusion/train-1/ckpt/latest_model
2026-03-23 23:58:06,392   INFO  Save latest model to /home/bkai/xry/MambaFusion-main/output/mambafusion_models/mamba_fusion/train-1/ckpt/latest_model
2026-03-24 00:03:04,363   INFO  Save latest model to /home/bkai/xry/MambaFusion-main/output/mambafusion_models/mamba_fusion/train-1/ckpt/latest_model
2026-03-24 00:08:04,886   INFO  Save latest model to /home/bkai/xry/MambaFusion-main/output/mambafusion_models/mamba_fusion/train-1/ckpt/latest_model
2026-03-24 00:13:03,084   INFO  Save latest model to /home/bkai/xry/MambaFusion-main/output/mambafusion_models/mamba_fusion/train-1/ckpt/latest_model
2026-03-24 00:16:50,509   INFO  Train:    1/10 ( 10%) [6999/30895 ( 23%)]  Loss: 2.740 (11.6)  loss_hm=0.8578, loss_cls=0.1942, loss_bbox=1.2726, matched_ious=0.3370, loss_iou=0.1133, loss_iou_reg=0.2917, d_time=0.20(0.20), f_time=5.99(6.52), b_time=6.19(6.72)  LR: 3.139e-04  Time cost: 13:03:51/44:35:51 [13:03:52/563:32:13]  Acc_iter 7000        Data time: 0.20(0.20)  Forward time: 5.99(6.52)  Batch time: 6.19(6.72)
2026-03-24 00:18:06,961   INFO  Save latest model to /home/bkai/xry/MambaFusion-main/output/mambafusion_models/mamba_fusion/train-1/ckpt/latest_model
2026-03-24 00:23:07,221   INFO  Save latest model to /home/bkai/xry/MambaFusion-main/output/mambafusion_models/mamba_fusion/train-1/ckpt/latest_model
2026-03-24 00:28:00,548   INFO  Save latest model to /home/bkai/xry/MambaFusion-main/output/mambafusion_models/mamba_fusion/train-1/ckpt/latest_model
2026-03-24 00:33:01,459   INFO  Save latest model to /home/bkai/xry/MambaFusion-main/output/mambafusion_models/mamba_fusion/train-1/ckpt/latest_model
2026-03-24 00:38:02,840   INFO  Save latest model to /home/bkai/xry/MambaFusion-main/output/mambafusion_models/mamba_fusion/train-1/ckpt/latest_model
2026-03-24 00:43:05,328   INFO  Save latest model to /home/bkai/xry/MambaFusion-main/output/mambafusion_models/mamba_fusion/train-1/ckpt/latest_model
2026-03-24 00:48:03,578   INFO  Save latest model to /home/bkai/xry/MambaFusion-main/output/mambafusion_models/mamba_fusion/train-1/ckpt/latest_model
2026-03-24 00:53:04,957   INFO  Save latest model to /home/bkai/xry/MambaFusion-main/output/mambafusion_models/mamba_fusion/train-1/ckpt/latest_model
2026-03-24 00:58:04,389   INFO  Save latest model to /home/bkai/xry/MambaFusion-main/output/mambafusion_models/mamba_fusion/train-1/ckpt/latest_model
2026-03-24 01:03:01,346   INFO  Save latest model to /home/bkai/xry/MambaFusion-main/output/mambafusion_models/mamba_fusion/train-1/ckpt/latest_model
2026-03-24 01:08:05,065   INFO  Save latest model to /home/bkai/xry/MambaFusion-main/output/mambafusion_models/mamba_fusion/train-1/ckpt/latest_model
2026-03-24 01:13:03,613   INFO  Save latest model to /home/bkai/xry/MambaFusion-main/output/mambafusion_models/mamba_fusion/train-1/ckpt/latest_model
2026-03-24 01:18:05,846   INFO  Save latest model to /home/bkai/xry/MambaFusion-main/output/mambafusion_models/mamba_fusion/train-1/ckpt/latest_model
2026-03-24 01:23:02,061   INFO  Save latest model to /home/bkai/xry/MambaFusion-main/output/mambafusion_models/mamba_fusion/train-1/ckpt/latest_model
2026-03-24 01:28:05,569   INFO  Save latest model to /home/bkai/xry/MambaFusion-main/output/mambafusion_models/mamba_fusion/train-1/ckpt/latest_model
2026-03-24 01:33:03,658   INFO  Save latest model to /home/bkai/xry/MambaFusion-main/output/mambafusion_models/mamba_fusion/train-1/ckpt/latest_model
2026-03-24 01:38:05,147   INFO  Save latest model to /home/bkai/xry/MambaFusion-main/output/mambafusion_models/mamba_fusion/train-1/ckpt/latest_model
2026-03-24 01:43:06,736   INFO  Save latest model to /home/bkai/xry/MambaFusion-main/output/mambafusion_models/mamba_fusion/train-1/ckpt/latest_model
2026-03-24 01:48:01,148   INFO  Save latest model to /home/bkai/xry/MambaFusion-main/output/mambafusion_models/mamba_fusion/train-1/ckpt/latest_model
2026-03-24 01:53:04,742   INFO  Save latest model to /home/bkai/xry/MambaFusion-main/output/mambafusion_models/mamba_fusion/train-1/ckpt/latest_model
2026-03-24 01:58:03,347   INFO  Save latest model to /home/bkai/xry/MambaFusion-main/output/mambafusion_models/mamba_fusion/train-1/ckpt/latest_model
2026-03-24 02:03:04,093   INFO  Save latest model to /home/bkai/xry/MambaFusion-main/output/mambafusion_models/mamba_fusion/train-1/ckpt/latest_model
2026-03-24 02:08:07,457   INFO  Save latest model to /home/bkai/xry/MambaFusion-main/output/mambafusion_models/mamba_fusion/train-1/ckpt/latest_model
2026-03-24 02:08:36,930   INFO  Train:    1/10 ( 10%) [7999/30895 ( 26%)]  Loss: 2.799 (10.5)  loss_hm=0.8415, loss_cls=0.1850, loss_bbox=1.2224, matched_ious=0.3506, loss_iou=0.1131, loss_iou_reg=0.2878, d_time=0.20(0.20), f_time=8.70(6.52), b_time=8.90(6.72)  LR: 3.612e-04  Time cost: 14:55:37/42:43:17 [14:55:38/561:32:30]  Acc_iter 8000        Data time: 0.20(0.20)  Forward time: 8.70(6.52)  Batch time: 8.90(6.72)
2026-03-24 02:13:02,887   INFO  Save latest model to /home/bkai/xry/MambaFusion-main/output/mambafusion_models/mamba_fusion/train-1/ckpt/latest_model
2026-03-24 02:18:03,083   INFO  Save latest model to /home/bkai/xry/MambaFusion-main/output/mambafusion_models/mamba_fusion/train-1/ckpt/latest_model
2026-03-24 02:23:08,814   INFO  Save latest model to /home/bkai/xry/MambaFusion-main/output/mambafusion_models/mamba_fusion/train-1/ckpt/latest_model
2026-03-24 02:28:03,762   INFO  Save latest model to /home/bkai/xry/MambaFusion-main/output/mambafusion_models/mamba_fusion/train-1/ckpt/latest_model
2026-03-24 02:33:03,392   INFO  Save latest model to /home/bkai/xry/MambaFusion-main/output/mambafusion_models/mamba_fusion/train-1/ckpt/latest_model
2026-03-24 02:38:05,236   INFO  Save latest model to /home/bkai/xry/MambaFusion-main/output/mambafusion_models/mamba_fusion/train-1/ckpt/latest_model
2026-03-24 02:43:02,942   INFO  Save latest model to /home/bkai/xry/MambaFusion-main/output/mambafusion_models/mamba_fusion/train-1/ckpt/latest_model
2026-03-24 02:48:04,181   INFO  Save latest model to /home/bkai/xry/MambaFusion-main/output/mambafusion_models/mamba_fusion/train-1/ckpt/latest_model
2026-03-24 02:53:01,653   INFO  Save latest model to /home/bkai/xry/MambaFusion-main/output/mambafusion_models/mamba_fusion/train-1/ckpt/latest_model
2026-03-24 02:58:04,448   INFO  Save latest model to /home/bkai/xry/MambaFusion-main/output/mambafusion_models/mamba_fusion/train-1/ckpt/latest_model
2026-03-24 03:03:02,655   INFO  Save latest model to /home/bkai/xry/MambaFusion-main/output/mambafusion_models/mamba_fusion/train-1/ckpt/latest_model
2026-03-24 03:08:04,051   INFO  Save latest model to /home/bkai/xry/MambaFusion-main/output/mambafusion_models/mamba_fusion/train-1/ckpt/latest_model
2026-03-24 03:13:04,967   INFO  Save latest model to /home/bkai/xry/MambaFusion-main/output/mambafusion_models/mamba_fusion/train-1/ckpt/latest_model
2026-03-24 03:18:02,987   INFO  Save latest model to /home/bkai/xry/MambaFusion-main/output/mambafusion_models/mamba_fusion/train-1/ckpt/latest_model
2026-03-24 03:23:05,720   INFO  Save latest model to /home/bkai/xry/MambaFusion-main/output/mambafusion_models/mamba_fusion/train-1/ckpt/latest_model
2026-03-24 03:28:01,884   INFO  Save latest model to /home/bkai/xry/MambaFusion-main/output/mambafusion_models/mamba_fusion/train-1/ckpt/latest_model
2026-03-24 03:33:02,171   INFO  Save latest model to /home/bkai/xry/MambaFusion-main/output/mambafusion_models/mamba_fusion/train-1/ckpt/latest_model
2026-03-24 03:38:02,733   INFO  Save latest model to /home/bkai/xry/MambaFusion-main/output/mambafusion_models/mamba_fusion/train-1/ckpt/latest_model
2026-03-24 03:43:04,789   INFO  Save latest model to /home/bkai/xry/MambaFusion-main/output/mambafusion_models/mamba_fusion/train-1/ckpt/latest_model
2026-03-24 03:48:07,119   INFO  Save latest model to /home/bkai/xry/MambaFusion-main/output/mambafusion_models/mamba_fusion/train-1/ckpt/latest_model
2026-03-24 03:53:01,763   INFO  Save latest model to /home/bkai/xry/MambaFusion-main/output/mambafusion_models/mamba_fusion/train-1/ckpt/latest_model
2026-03-24 03:58:01,817   INFO  Save latest model to /home/bkai/xry/MambaFusion-main/output/mambafusion_models/mamba_fusion/train-1/ckpt/latest_model
2026-03-24 04:00:04,542   INFO  Train:    1/10 ( 10%) [8999/30895 ( 29%)]  Loss: 1.807 (9.61)  loss_hm=0.8136, loss_cls=0.1746, loss_bbox=1.1628, matched_ious=0.3603, loss_iou=0.1128, loss_iou_reg=0.2879, d_time=0.19(0.20), f_time=5.93(6.52), b_time=6.12(6.71)  LR: 4.134e-04  Time cost: 16:47:05/40:50:07 [16:47:06/559:24:07]  Acc_iter 9000        Data time: 0.19(0.20)  Forward time: 5.93(6.52)  Batch time: 6.12(6.71)
2026-03-24 04:00:04,715   INFO  
2026-03-24 04:03:04,722   INFO  Save latest model to /home/bkai/xry/MambaFusion-main/output/mambafusion_models/mamba_fusion/train-1/ckpt/latest_model
2026-03-24 04:08:01,804   INFO  Save latest model to /home/bkai/xry/MambaFusion-main/output/mambafusion_models/mamba_fusion/train-1/ckpt/latest_model
2026-03-24 04:13:05,982   INFO  Save latest model to /home/bkai/xry/MambaFusion-main/output/mambafusion_models/mamba_fusion/train-1/ckpt/latest_model
2026-03-24 04:18:03,370   INFO  Save latest model to /home/bkai/xry/MambaFusion-main/output/mambafusion_models/mamba_fusion/train-1/ckpt/latest_model
2026-03-24 04:23:03,652   INFO  Save latest model to /home/bkai/xry/MambaFusion-main/output/mambafusion_models/mamba_fusion/train-1/ckpt/latest_model
2026-03-24 04:28:05,347   INFO  Save latest model to /home/bkai/xry/MambaFusion-main/output/mambafusion_models/mamba_fusion/train-1/ckpt/latest_model
2026-03-24 04:33:06,251   INFO  Save latest model to /home/bkai/xry/MambaFusion-main/output/mambafusion_models/mamba_fusion/train-1/ckpt/latest_model
2026-03-24 04:38:03,053   INFO  Save latest model to /home/bkai/xry/MambaFusion-main/output/mambafusion_models/mamba_fusion/train-1/ckpt/latest_model
2026-03-24 04:43:08,348   INFO  Save latest model to /home/bkai/xry/MambaFusion-main/output/mambafusion_models/mamba_fusion/train-1/ckpt/latest_model
2026-03-24 04:48:00,682   INFO  Save latest model to /home/bkai/xry/MambaFusion-main/output/mambafusion_models/mamba_fusion/train-1/ckpt/latest_model
2026-03-24 04:53:03,988   INFO  Save latest model to /home/bkai/xry/MambaFusion-main/output/mambafusion_models/mamba_fusion/train-1/ckpt/latest_model
2026-03-24 04:58:06,131   INFO  Save latest model to /home/bkai/xry/MambaFusion-main/output/mambafusion_models/mamba_fusion/train-1/ckpt/latest_model
2026-03-24 05:03:05,764   INFO  Save latest model to /home/bkai/xry/MambaFusion-main/output/mambafusion_models/mamba_fusion/train-1/ckpt/latest_model
2026-03-24 05:08:03,788   INFO  Save latest model to /home/bkai/xry/MambaFusion-main/output/mambafusion_models/mamba_fusion/train-1/ckpt/latest_model
2026-03-24 05:13:03,212   INFO  Save latest model to /home/bkai/xry/MambaFusion-main/output/mambafusion_models/mamba_fusion/train-1/ckpt/latest_model
2026-03-24 05:18:01,750   INFO  Save latest model to /home/bkai/xry/MambaFusion-main/output/mambafusion_models/mamba_fusion/train-1/ckpt/latest_model
2026-03-24 05:23:03,761   INFO  Save latest model to /home/bkai/xry/MambaFusion-main/output/mambafusion_models/mamba_fusion/train-1/ckpt/latest_model
2026-03-24 05:28:02,780   INFO  Save latest model to /home/bkai/xry/MambaFusion-main/output/mambafusion_models/mamba_fusion/train-1/ckpt/latest_model
2026-03-24 05:33:06,085   INFO  Save latest model to /home/bkai/xry/MambaFusion-main/output/mambafusion_models/mamba_fusion/train-1/ckpt/latest_model
2026-03-24 05:38:03,715   INFO  Save latest model to /home/bkai/xry/MambaFusion-main/output/mambafusion_models/mamba_fusion/train-1/ckpt/latest_model
2026-03-24 05:43:04,528   INFO  Save latest model to /home/bkai/xry/MambaFusion-main/output/mambafusion_models/mamba_fusion/train-1/ckpt/latest_model
2026-03-24 05:48:06,834   INFO  Save latest model to /home/bkai/xry/MambaFusion-main/output/mambafusion_models/mamba_fusion/train-1/ckpt/latest_model
2026-03-24 05:50:59,733   INFO  Train:    1/10 ( 10%) [9999/30895 ( 32%)]  Loss: 2.965 (8.90)  loss_hm=0.8082, loss_cls=0.1649, loss_bbox=1.1113, matched_ious=0.3759, loss_iou=0.1129, loss_iou_reg=0.2808, d_time=0.20(0.20), f_time=5.56(6.51), b_time=5.75(6.71)  LR: 4.699e-04  Time cost: 18:38:00/38:56:11 [18:38:01/557:02:57]  Acc_iter 10000       Data time: 0.20(0.20)  Forward time: 5.56(6.51)  Batch time: 5.75(6.71)
2026-03-24 05:53:05,505   INFO  Save latest model to /home/bkai/xry/MambaFusion-main/output/mambafusion_models/mamba_fusion/train-1/ckpt/latest_model
2026-03-24 05:58:01,777   INFO  Save latest model to /home/bkai/xry/MambaFusion-main/output/mambafusion_models/mamba_fusion/train-1/ckpt/latest_model
2026-03-24 06:03:01,173   INFO  Save latest model to /home/bkai/xry/MambaFusion-main/output/mambafusion_models/mamba_fusion/train-1/ckpt/latest_model
2026-03-24 06:08:02,413   INFO  Save latest model to /home/bkai/xry/MambaFusion-main/output/mambafusion_models/mamba_fusion/train-1/ckpt/latest_model
2026-03-24 06:13:06,708   INFO  Save latest model to /home/bkai/xry/MambaFusion-main/output/mambafusion_models/mamba_fusion/train-1/ckpt/latest_model
2026-03-24 06:18:05,118   INFO  Save latest model to /home/bkai/xry/MambaFusion-main/output/mambafusion_models/mamba_fusion/train-1/ckpt/latest_model
2026-03-24 06:23:06,390   INFO  Save latest model to /home/bkai/xry/MambaFusion-main/output/mambafusion_models/mamba_fusion/train-1/ckpt/latest_model
2026-03-24 06:28:05,743   INFO  Save latest model to /home/bkai/xry/MambaFusion-main/output/mambafusion_models/mamba_fusion/train-1/ckpt/latest_model
2026-03-24 06:33:03,448   INFO  Save latest model to /home/bkai/xry/MambaFusion-main/output/mambafusion_models/mamba_fusion/train-1/ckpt/latest_model
2026-03-24 06:38:04,365   INFO  Save latest model to /home/bkai/xry/MambaFusion-main/output/mambafusion_models/mamba_fusion/train-1/ckpt/latest_model
2026-03-24 06:43:03,962   INFO  Save latest model to /home/bkai/xry/MambaFusion-main/output/mambafusion_models/mamba_fusion/train-1/ckpt/latest_model
2026-03-24 06:48:05,258   INFO  Save latest model to /home/bkai/xry/MambaFusion-main/output/mambafusion_models/mamba_fusion/train-1/ckpt/latest_model
2026-03-24 06:53:06,161   INFO  Save latest model to /home/bkai/xry/MambaFusion-main/output/mambafusion_models/mamba_fusion/train-1/ckpt/latest_model
2026-03-24 06:58:02,817   INFO  Save latest model to /home/bkai/xry/MambaFusion-main/output/mambafusion_models/mamba_fusion/train-1/ckpt/latest_model
2026-03-24 07:03:03,695   INFO  Save latest model to /home/bkai/xry/MambaFusion-main/output/mambafusion_models/mamba_fusion/train-1/ckpt/latest_model
2026-03-24 07:08:04,114   INFO  Save latest model to /home/bkai/xry/MambaFusion-main/output/mambafusion_models/mamba_fusion/train-1/ckpt/latest_model
2026-03-24 07:13:04,627   INFO  Save latest model to /home/bkai/xry/MambaFusion-main/output/mambafusion_models/mamba_fusion/train-1/ckpt/latest_model
2026-03-24 07:18:00,827   INFO  Save latest model to /home/bkai/xry/MambaFusion-main/output/mambafusion_models/mamba_fusion/train-1/ckpt/latest_model
2026-03-24 07:23:03,003   INFO  Save latest model to /home/bkai/xry/MambaFusion-main/output/mambafusion_models/mamba_fusion/train-1/ckpt/latest_model
2026-03-24 07:28:04,436   INFO  Save latest model to /home/bkai/xry/MambaFusion-main/output/mambafusion_models/mamba_fusion/train-1/ckpt/latest_model
2026-03-24 07:33:01,501   INFO  Save latest model to /home/bkai/xry/MambaFusion-main/output/mambafusion_models/mamba_fusion/train-1/ckpt/latest_model
2026-03-24 07:38:02,455   INFO  Save latest model to /home/bkai/xry/MambaFusion-main/output/mambafusion_models/mamba_fusion/train-1/ckpt/latest_model
2026-03-24 07:41:57,198   INFO  Train:    1/10 ( 10%) [10999/30895 ( 36%)]  Loss: 2.083 (8.31)  loss_hm=0.7938, loss_cls=0.1524, loss_bbox=1.0792, matched_ious=0.3816, loss_iou=0.1109, loss_iou_reg=0.2801, d_time=0.20(0.20), f_time=6.15(6.51), b_time=6.35(6.70)  LR: 5.300e-04  Time cost: 20:28:57/37:02:51 [20:28:58/554:48:19]  Acc_iter 11000       Data time: 0.20(0.20)  Forward time: 6.15(6.51)  Batch time: 6.35(6.70)
2026-03-24 07:43:02,931   INFO  Save latest model to /home/bkai/xry/MambaFusion-main/output/mambafusion_models/mamba_fusion/train-1/ckpt/latest_model
2026-03-24 07:48:05,554   INFO  Save latest model to /home/bkai/xry/MambaFusion-main/output/mambafusion_models/mamba_fusion/train-1/ckpt/latest_model
2026-03-24 07:53:01,343   INFO  Save latest model to /home/bkai/xry/MambaFusion-main/output/mambafusion_models/mamba_fusion/train-1/ckpt/latest_model
2026-03-24 07:58:08,537   INFO  Save latest model to /home/bkai/xry/MambaFusion-main/output/mambafusion_models/mamba_fusion/train-1/ckpt/latest_model
2026-03-24 08:03:04,946   INFO  Save latest model to /home/bkai/xry/MambaFusion-main/output/mambafusion_models/mamba_fusion/train-1/ckpt/latest_model
2026-03-24 08:08:04,043   INFO  Save latest model to /home/bkai/xry/MambaFusion-main/output/mambafusion_models/mamba_fusion/train-1/ckpt/latest_model
2026-03-24 08:13:04,944   INFO  Save latest model to /home/bkai/xry/MambaFusion-main/output/mambafusion_models/mamba_fusion/train-1/ckpt/latest_model
2026-03-24 08:18:02,063   INFO  Save latest model to /home/bkai/xry/MambaFusion-main/output/mambafusion_models/mamba_fusion/train-1/ckpt/latest_model
2026-03-24 08:23:07,231   INFO  Save latest model to /home/bkai/xry/MambaFusion-main/output/mambafusion_models/mamba_fusion/train-1/ckpt/latest_model
2026-03-24 08:28:06,734   INFO  Save latest model to /home/bkai/xry/MambaFusion-main/output/mambafusion_models/mamba_fusion/train-1/ckpt/latest_model
2026-03-24 08:33:05,116   INFO  Save latest model to /home/bkai/xry/MambaFusion-main/output/mambafusion_models/mamba_fusion/train-1/ckpt/latest_model
2026-03-24 08:38:03,226   INFO  Save latest model to /home/bkai/xry/MambaFusion-main/output/mambafusion_models/mamba_fusion/train-1/ckpt/latest_model
2026-03-24 08:43:05,478   INFO  Save latest model to /home/bkai/xry/MambaFusion-main/output/mambafusion_models/mamba_fusion/train-1/ckpt/latest_model
2026-03-24 08:48:02,628   INFO  Save latest model to /home/bkai/xry/MambaFusion-main/output/mambafusion_models/mamba_fusion/train-1/ckpt/latest_model
2026-03-24 08:53:03,338   INFO  Save latest model to /home/bkai/xry/MambaFusion-main/output/mambafusion_models/mamba_fusion/train-1/ckpt/latest_model
2026-03-24 08:58:03,510   INFO  Save latest model to /home/bkai/xry/MambaFusion-main/output/mambafusion_models/mamba_fusion/train-1/ckpt/latest_model
2026-03-24 09:03:05,302   INFO  Save latest model to /home/bkai/xry/MambaFusion-main/output/mambafusion_models/mamba_fusion/train-1/ckpt/latest_model
2026-03-24 09:08:02,749   INFO  Save latest model to /home/bkai/xry/MambaFusion-main/output/mambafusion_models/mamba_fusion/train-1/ckpt/latest_model
2026-03-24 09:13:00,778   INFO  Save latest model to /home/bkai/xry/MambaFusion-main/output/mambafusion_models/mamba_fusion/train-1/ckpt/latest_model
2026-03-24 09:18:03,823   INFO  Save latest model to /home/bkai/xry/MambaFusion-main/output/mambafusion_models/mamba_fusion/train-1/ckpt/latest_model
2026-03-24 09:23:05,134   INFO  Save latest model to /home/bkai/xry/MambaFusion-main/output/mambafusion_models/mamba_fusion/train-1/ckpt/latest_model
2026-03-24 09:28:03,207   INFO  Save latest model to /home/bkai/xry/MambaFusion-main/output/mambafusion_models/mamba_fusion/train-1/ckpt/latest_model
2026-03-24 09:33:03,179   INFO  Save latest model to /home/bkai/xry/MambaFusion-main/output/mambafusion_models/mamba_fusion/train-1/ckpt/latest_model
2026-03-24 09:36:51,223   INFO  Train:    1/10 ( 10%) [11999/30895 ( 39%)]  Loss: 2.978 (7.82)  loss_hm=0.7766, loss_cls=0.1447, loss_bbox=1.0495, matched_ious=0.3964, loss_iou=0.1101, loss_iou_reg=0.2732, d_time=0.19(0.20), f_time=7.54(6.52), b_time=7.73(6.72)  LR: 5.931e-04  Time cost: 22:23:51/35:16:08 [22:23:52/554:15:11]  Acc_iter 12000       Data time: 0.19(0.20)  Forward time: 7.54(6.52)  Batch time: 7.73(6.72)
2026-03-24 09:36:51,368   INFO  
2026-03-24 09:38:06,351   INFO  Save latest model to /home/bkai/xry/MambaFusion-main/output/mambafusion_models/mamba_fusion/train-1/ckpt/latest_model
2026-03-24 09:43:01,046   INFO  Save latest model to /home/bkai/xry/MambaFusion-main/output/mambafusion_models/mamba_fusion/train-1/ckpt/latest_model
2026-03-24 09:48:05,711   INFO  Save latest model to /home/bkai/xry/MambaFusion-main/output/mambafusion_models/mamba_fusion/train-1/ckpt/latest_model
2026-03-24 09:53:01,882   INFO  Save latest model to /home/bkai/xry/MambaFusion-main/output/mambafusion_models/mamba_fusion/train-1/ckpt/latest_model
2026-03-24 09:58:05,156   INFO  Save latest model to /home/bkai/xry/MambaFusion-main/output/mambafusion_models/mamba_fusion/train-1/ckpt/latest_model
2026-03-24 10:03:03,074   INFO  Save latest model to /home/bkai/xry/MambaFusion-main/output/mambafusion_models/mamba_fusion/train-1/ckpt/latest_model
2026-03-24 10:08:01,724   INFO  Save latest model to /home/bkai/xry/MambaFusion-main/output/mambafusion_models/mamba_fusion/train-1/ckpt/latest_model
2026-03-24 10:13:03,395   INFO  Save latest model to /home/bkai/xry/MambaFusion-main/output/mambafusion_models/mamba_fusion/train-1/ckpt/latest_model
2026-03-24 10:18:03,867   INFO  Save latest model to /home/bkai/xry/MambaFusion-main/output/mambafusion_models/mamba_fusion/train-1/ckpt/latest_model
2026-03-24 10:23:04,062   INFO  Save latest model to /home/bkai/xry/MambaFusion-main/output/mambafusion_models/mamba_fusion/train-1/ckpt/latest_model
2026-03-24 10:28:06,990   INFO  Save latest model to /home/bkai/xry/MambaFusion-main/output/mambafusion_models/mamba_fusion/train-1/ckpt/latest_model
2026-03-24 10:33:04,724   INFO  Save latest model to /home/bkai/xry/MambaFusion-main/output/mambafusion_models/mamba_fusion/train-1/ckpt/latest_model
2026-03-24 10:38:06,986   INFO  Save latest model to /home/bkai/xry/MambaFusion-main/output/mambafusion_models/mamba_fusion/train-1/ckpt/latest_model
2026-03-24 10:43:06,694   INFO  Save latest model to /home/bkai/xry/MambaFusion-main/output/mambafusion_models/mamba_fusion/train-1/ckpt/latest_model
